AGILITY	Agility	AGILITYROAD	Agility Road	SE	*
AHOLATRANS	Ahola Transport	AHOLATRANSSG	Ahola Transport Styckegods	AX, CZ, DK, EE, FI, HU, LT, LV, NO, PL, RO, SE, SK	AX, CZ, DK, EE, FI, HU, LT, LV, NO, PL, RO, SE, SK
AIHKI	Aihkisalo	AIHKISTD	Aihkisalo kappaletavara	FI	FI
AIRMEE	Airmee	AIRMEE	Airmee	SE	SE
AKKA	AkkaFRAKT	AKKADIST	AkkaFRAKT Distribution	SE	*
AKKA	AkkaFRAKT	AKKAKRAN	AkkaFRAKT Kran	SE	*
ALFTA	Alfta Frakt	ALFTAGODS	Alfta Frakt Gods	SE	SE
ALFTA	Alfta Frakt	ALFTAPAKET	Alfta Frakt Paket	SE	SE
ASENDIA	Asendia	ASNCT	Asendia Country-tracked	DK, EE, FI, LT, LV, NO, SE	*
ASENDIA	Asendia	ASNFT	Asendia Fully-tracked	DK, EE, FI, LT, LV, NO, SE	AL, AT, AU, BE, BG, BR, CA, CH, CY, CZ, DE, DK, EE, ES, FI, FR, GB, GI, GR, HK, HR, HU, IE, IL, IN, IS, IT, JP, KH, KR, LB, LT, LU, LV, MC, MT, MY, NL, NO, NZ, PL, PT, RO, RS, RU, SA, SE, SG, SI, SK, TH, TR, TW, US, UY
ASENDIA	Asendia	ASNPR	Asendia Premium	DK, EE, FI, LT, LV, NO, SE	AT, BE, BG, CH, CZ, DE, DK, EE, ES, FI, FR, GB, GR, HU, IE, IT, LT, LU, LV, NL, PL, PT, RO, SE, SI, SK
BCDK	Bring Cargo Danmark	BCDKGRP	Bring Cargo Danmark Groupage	DK	*
BCDK	Bring Cargo Danmark	BCDKPART	Bring Cargo Danmark Part Load	DK	*
BCMSE	Bring Citymail	BCMSEBLP	Bring Citymail Brevlådepaket	SE	SE
BCMSE	Bring Citymail	BCMSEBLPE	Bring Citymail Brevlådepaket Express	SE	SE
BCNOINT	Bring Cargo Norge (International)	BCNOINTFULL	Bring Cargo Full Load	NO	*
BCNOINT	Bring Cargo Norge (International)	BCNOINTGRP	Bring Cargo Stykkgods	NO	*
BCSE	Bring Cargo International AB	BCSEP	Bring Cargo International Partigods (14)	SE	*
BCSE	Bring Cargo International AB	BCSES	Bring Cargo International Styckegods (9)	SE	*
BCSED	Bring Cargo Sverige (inrikes)	BCSEDSTD	Bring Cargo Inrikes (SE)	SE	SE
BEST	Best Transport	BESTDIST	Best Distribution	DK, NO, SE	*
BEST	Best Transport	BESTHL	Best Hemleverans 18:00-22:00	SE	SE
BEST	Best Transport	BESTHLD	Best Hemleverans dag 08:00-17:00 Flex	DK, NO, SE	*
BEST	Best Transport	BESTHLM	Best Hemleverans förmiddag 09:00-13:00 Flex	DK, NO, SE	*
BEST	Best Transport	BESTHLE1820	Best Hemleverans kväll 18:00-20:00 Flex	DK, NO, SE	*
BEST	Best Transport	BESTHLE	Best Hemleverans kväll 18:00-22:00 Flex	DK, NO, SE	*
BEST	Best Transport	BESTHLE2022	Best Hemleverans kväll 20:00-22:00 Flex	DK, NO, SE	*
BL	Bring Cargo Norge (Inrikes)	BLFULL	Bring Cargo Full Load	NO	NO
BL	Bring Cargo Norge (Inrikes)	BLSGD	Bring Cargo Stykkgods	NO	NO
BM	Bring Mail (Norge)	BMNOSPPR	Bring Mail Brev med frankopåtrykk	NO	*
BM	Bring Mail (Norge)	BMNOPIPAR	Bring Mail Pakke i postkassen med sporing	NO	NO
BM	Bring Mail (Norge)	BMNOPIPA	Bring Mail Pakke i postkassen uten sporing	NO	NO
BOX	Bring Express	BOXBD	Bring Express Business Distribution	DK, NO, SE	DK, NO, SE
BOX	Bring Express	BOXBDP	Bring Express Business Distribution Pallet	DK, NO, SE	DK, NO, SE
BOX	Bring Express	BOXCD	Bring Express Courier Distribution	DK, NO, SE	DK, NO, SE
BOX	Bring Express	BOXCA	Bring Express Courier Service by car	DK, NO, SE	DK, NO, SE
BOX	Bring Express	BOXHD	Bring Express Home Delivery	DK, NO, SE	DK, NO, SE
BOX	Bring Express	BOXHDIL	Bring Express Home Delivery Indoor Light	DK, NO, SE	DK, NO, SE
BOX	Bring Express	BOXHDR	Bring Express Home Delivery Return	DK, NO, SE	DK, NO, SE
BOX	Bring Express	BOXPL	Bring Express Pickup Large	NO, SE	NO, SE
BOX	Bring Express	BOXQPDC	Bring Express QuickPack Day Certain	DK, NO, SE	*
BOX	Bring Express	BOXQPEE	Bring Express QuickPack Express Economy	DK, NO, SE	*
BOX	Bring Express	BOXQP09	Bring Express QuickPack Overnight 09.00	DK, NO, SE	*
BOX	Bring Express	BOXQP12	Bring Express QuickPack Overnight 12.00	DK, NO, SE	*
BOX	Bring Express	BOXQP	Bring Express QuickPack Same Day	DK, NO, SE	*
BOX	Bring Express	BOXSHD	Bring Express Store Home Delivery	DK, NO, SE	DK, NO, SE
BOX	Bring Express	BOXSHDR	Bring Express Store Home Delivery Return 	DK, NO, SE	DK, NO, SE
BP	Bring Parcels Norge (inrikes)	BPBDD	Bring Bedriftspakke	NO	NO, SJ
BP	Bring Parcels Norge (inrikes)	BPBE09	Bring Bedriftspakke Ekspress over natt - 0900	NO	NO, SJ
BP	Bring Parcels Norge (inrikes)	BPSP	Bring Klimanøytral Servicepakke	NO	NO, SJ
BP	Bring Parcels Norge (inrikes)	BPPD	Bring Pakke på Døren	NO	NO, SJ
BP	Bring Parcels Norge (inrikes)	BPRETB	Bring Returservice Bedriftspakke	NO	NO, SJ
BP	Bring Parcels Norge (inrikes)	BPSPR	Bring Returservice Servicepakke	NO	NO, SJ
BUDBEE	Budbee	BUDBEESTD	Budbee	SE	SE
BUDBEE	Budbee	BUDBEEEXPRESS	Budbee Express Delivery	SE	SE
BUDBEE	Budbee	BUDBEEDLVDAY	Budbee Hemleverans Dagtid	SE	SE
BUDBEE	Budbee	BUDBEEDLVEVN	Budbee Hemleverans Kvällstid	SE	SE
BUDETT	Budcompaniett	BUDETT3TIM	Budcompaniet 3 timmars bud	SE	SE
BUDETT	Budcompaniett	BUDETTPANIK	Budcompaniet Panikbud	SE	SE
BUDETT	Budcompaniett	BUDETTTUR	Budcompaniet Turbud	SE	SE
CG	Bussgods	CGB	Bussgods	SE	FI, SE
COCA	ColliCare	COCA11	ColliCare Groupage	NO, SE	NO
COCA	ColliCare	COCA501	ColliCare Hemleverans dag	NO, SE	NO
COCA	ColliCare	COCA502	ColliCare Hemleverans kväll	NO, SE	NO
COCA	ColliCare	COCA520	ColliCare Retur	NO, SE	NO
DABBE	DHL Express Break Bulk Express (BBE)	DABBE	DHL Express Break Bulk Express (BBE)
DABBX	DHL Express Break Bulk Express (BBX)	DABBX	DHL Express Break Bulk Express (BBX)
DACHSER	Dachser	DACTFIX	Dachser Targofix	DK, PL, SE	*
DACHSER	Dachser	DACTFIX10	Dachser Targofix 10:00	DK, PL, SE	*
DACHSER	Dachser	DACTFIX12	Dachser Targofix 12:00	DK, PL, SE	*
DACHSER	Dachser	DACTFLEX	Dachser Targoflex	DK, PL, SE	*
DACHSER	Dachser	DACTSPEED	Dachser Targospeed	DK, PL, SE	*
DACHSER	Dachser	DACTSPEED10	Dachser Targospeed 10:00	DK, PL, SE	*
DACHSER	Dachser	DACTSPEED12	Dachser Targospeed 12:00	DK, PL, SE	*
DACHSER	Dachser	DACTSPEEDPLUS	Dachser Targospeed Plus	DK, PL, SE	*
DANX	DANX	DANXAIR	DANX Air	*	*
DANX	DANX	DANXSTD	DANX Road	*	*
DEPOST	Deutsche Post	DEPOSTPLUSWAREN	Deutsche Post - Packet Plus - Warensendung	AT, BE, BG, CY, CZ, DE, DK, EE, ES, FI, FR, GB, GR, HR, HU, IE, IT, LT, LU, LV, MC, MT, NL, NO, PL, PT, RO, SE, SI, SK	DE
DEPOST	Deutsche Post	DEPOSTPLUSEU	Deutsche Post - Packet Plus Destination EU	AT, BE, BG, CY, CZ, DE, DK, EE, ES, FI, FR, GB, GR, HR, HU, IE, IT, LT, LU, LV, MC, MT, NL, NO, PL, PT, RO, SE, SI, SK	AT, BE, BG, CY, CZ, DK, EE, ES, FI, FR, GB, GR, HR, HU, IE, IT, LT, LU, LV, MC, MT, NL, PL, PT, RO, SE, SI, SK
DEPOST	Deutsche Post	DEPOSTPLUSNONEU	Deutsche Post - Packet Plus Destination Non-EU	AT, BE, BG, CY, CZ, DE, DK, EE, ES, FI, FR, GB, GR, HR, HU, IE, IT, LT, LU, LV, MC, MT, NL, NO, PL, PT, RO, SE, SI, SK	*
DEPOST	Deutsche Post	DEPOSTPLUSNONEUPRINT	Deutsche Post - Packet Plus Destination Non-EU for PRINTED MATTER	AT, BE, BG, CY, CZ, DE, DK, EE, ES, FI, FR, GB, GR, HR, HU, IE, IT, LT, LU, LV, MC, MT, NL, NO, PL, PT, RO, SE, SI, SK	*
DEPOST	Deutsche Post	DEPOSTPLUSDE	Deutsche Post - Packet Plus Germany	AT, BE, BG, CY, CZ, DE, DK, EE, ES, FI, FR, GB, GR, HR, HU, IE, IT, LT, LU, LV, MC, MT, NL, NO, PL, PT, RO, SE, SI, SK	DE
DEPOST	Deutsche Post	DEPOSTPT	Deutsche Post - Packet Tracked	AT, BE, BG, CY, CZ, DE, DK, EE, ES, FI, FR, GB, GR, HR, HU, IE, IT, LT, LU, LV, MC, MT, NL, NO, PL, PT, RO, SE, SI, SK	AT, AU, AW, BE, BG, BR, CA, CH, CN, CY, CZ, DE, DK, DO, EE, ES, FI, FR, GB, GI, GR, HK, HR, HU, IE, IL, IS, IT, JE, JP, KR, LB, LT, LU, LV, MC, MT, MU, MX, MY, NL, NO, NZ, PL, PT, RO, RS, RU, SA, SE, SG, SI, SK, TH, TR, US, ZA
DFM	Danske Fragtmænd	DFMBP	Danske Fragtmænd Bilpakke	DK, SE	DE, DK, SE
DFM	Danske Fragtmænd	DFMEP	Danske Fragtmænd Erhvervsbilpakke	DK, SE	DE, DK, SE
DFM	Danske Fragtmænd	DFMPE	Danske Fragtmænd Palle/enhedsforsendelse	DK, SE	DE, DK, SE
DFM	Danske Fragtmænd	DFMSG	Danske Fragtmænd Styckegods	DK, SE	DE, DK, SE
DFM	Danske Fragtmænd	DFMVP	Danske Fragtmænd Volumepakke	DK, SE	DE, DK, SE
DGF	DHL Global Forwarding	DGFAIR	DHL Global Forwarding Air Freight	*	*
DGF	DHL Global Forwarding	DGFAIRPLUS	DHL Global Forwarding Air Freight PLUS	*	*
DHLAIR	DHL Express	DADOK	DHL Express 09:00 (Inrikes)	DK, EE, SE	DK, EE, SE
DHLAIR	DHL Express	DASE	DHL Express 09:00 (Tullfri)	DK, EE, FI, SE	*
DHLAIR	DHL Express	DASECD	DHL Express 09:00 (Tullpliktigt)	DK, EE, FI, NO, SE	*
DHLAIR	DHL Express	DATDL	DHL Express 10:30 (Tullfri)	DK, EE, FI, SE	US
DHLAIR	DHL Express	DATDM	DHL Express 10:30 (Tullpliktigt)	DK, EE, FI, SE	US
DHLAIR	DHL Express	DADOT	DHL Express 12:00 (Inrikes)	DK, EE, SE	DK, EE, SE
DHLAIR	DHL Express	DAME	DHL Express 12:00 (Tullfri)	DK, EE, FI, SE	*
DHLAIR	DHL Express	DAMECD	DHL Express 12:00 (Tullpliktigt)	DK, EE, FI, NO, SE	*
DHLAIR	DHL Express	DAESU	DHL Express Economy Select (Tullfri)	EE, FI, SE	AT, BE, BG, CZ, DE, DK, EE, ES, FI, FR, GB, GR, HR, HU, IE, IT, LT, LU, LV, MC, NL, PL, PT, RO, SE, SI, SK
DHLAIR	DHL Express	DAESI	DHL Express Economy Select (Tullpliktigt)	EE, FI, NO, SE	AD, AT, AX, BE, BG, CH, CZ, DE, DK, EE, ES, FI, FR, GB, GI, GR, HR, HU, IE, IT, LI, LT, LU, LV, MC, NL, NO, PL, PT, RO, SE, SI, SK, SM
DHLAIR	DHL Express	DAXPD	DHL Express Envelope (Tullfri)	DK, EE, FI, NO, SE	*
DHLAIR	DHL Express	DADOM	DHL Express Worldwide (Inrikes)	DK, EE, FI, NO, SE	DK, EE, FI, NO, SE
DHLAIR	DHL Express	DAECX	DHL Express Worldwide (Tullfri inom EU)	DK, EE, FI, PL, SE	AT, BE, BG, CY, CZ, DE, DK, EE, ES, FI, FR, GB, GR, HR, HU, IE, IT, LT, LU, LV, MC, MT, NL, PL, PT, RO, SE, SI, SK
DHLAIR	DHL Express	DADOX	DHL Express Worldwide (Tullfri, ej EU)	DK, EE, FI, PL, SE	*
DHLAIR	DHL Express	DAWPX	DHL Express Worldwide (Tullpliktigt)	DK, EE, FI, NO, PL, SE	*
DHLAIR	DHL Express	DADOMR	DHL Express Worldwide Return (Domestic)	DK, EE, FI, NO, SE	DK, EE, FI, NO, SE
DHLAIRRETURN	DHL Express Return International	DAESUR	DHL Express Economy Select Return (Tullfri)	EE, FI, SE	AT, BE, BG, CZ, DE, DK, EE, ES, FI, FR, GB, GR, HR, HU, IE, IT, LT, LU, LV, MC, NL, PL, PT, RO, SE, SI, SK
DHLAIRRETURN	DHL Express Return International	DAESIR	DHL Express Economy Select Return (Tullpliktigt)	EE, FI, NO, SE	AD, AT, AX, BE, BG, CH, CZ, DE, DK, EE, ES, FI, FR, GB, GI, GR, HR, HU, IE, IT, LI, LT, LU, LV, MC, NL, NO, PL, PT, RO, SE, SI, SK, SM
DHLAIRRETURN	DHL Express Return International	DAECXR	DHL Express International Return (Duty free within EU)	DK, EE, FI, PL, SE	AT, BE, BG, CY, CZ, DE, DK, EE, ES, FI, FR, GB, GR, HR, HU, IE, IT, LT, LU, LV, MC, MT, NL, PL, PT, RO, SE, SI, SK
DHLDE	DHL Tyskland	DHLDEPKT	DHL Tyskland Paket	DE	DE
DHLDE	DHL Tyskland	DHLDEPKTI	DHL Tyskland Paket International	DE	AE, AR, AT, AU, BE, BG, BR, CA, CH, CN, CY, CZ, DK, EE, ES, FI, FR, GB, GR, HK, HR, HU, IE, IL, IT, JP, KR, LT, LU, LV, MC, MT, MX, NL, NO, NZ, PA, PL, PT, RO, SE, SG, SI, SK, TH, TW, US, ZA
DHLDE	DHL Tyskland	DHLDEPKTR	DHL Tyskland Paket Return 	DE	DE
DHLEC	DHL Freight Euroconnect	ASUR	DHL Eurapid	AT, AX, BE, CH, CZ, DE, DK, EE, ES, FI, FR, GB, HU, IE, IT, LT, LV, NL, NO, PL, PT, SE, SK	AT, AX, BE, CH, CZ, DE, DK, EE, ES, FI, FR, GB, HU, IE, IT, LT, LV, NL, NO, PL, PT, SE, SK
DHLEC	DHL Freight Euroconnect	ASU2	DHL Euroconnect	AD, AT, AX, BE, BG, CH, CZ, DE, DK, EE, ES, FI, FR, GB, GE, GI, GR, HR, HU, IE, IT, LT, LU, LV, MA, MC, MK, NL, NO, PL, PT, RO, RS, RU, SE, SI, SK, SM, TR, UA	AD, AT, AX, BE, BG, CH, CZ, DE, DK, EE, ES, FI, FR, GB, GE, GI, GR, HR, HU, IE, IT, LT, LU, LV, MA, MC, MK, NL, NO, PL, PT, RO, RS, RU, SE, SI, SK, SM, TR, UA
DHLEC	DHL Freight Euroconnect	ASUN	DHL Nordic Pallet	SE	DK, EE, FI, LT, LV, NO
DHLECP	DHL Freight Euroconnect Plus (kräver 8-ställigt kundnummer som inleds med 8480)	ASUP2	DHL Euroconnect Plus	SE	AT, AX, BE, BG, CH, CZ, DE, DK, EE, ES, FI, FR, GB, GR, HU, IE, IT, LT, LU, LV, NL, NO, PL, PT, RO, SI, SK
DHLFREIGHTEST	DHL Freight Estland	DHLFREIGHTESTDOM	DHL Freight Domestic EE	EE	EE
DHLFREIGHTEST	DHL Freight Estland	DHLFREIGHTESTEC	DHL Freight Euroconnect EE	EE	AT, BA, BE, BG, BY, CH, CY, CZ, DE, DK, ES, FI, FR, GB, GR, HR, HU, IE, IT, LT, LU, LV, MK, NL, NO, PL, PT, RO, RU, SE, SI, SK, TR, UA
DHLFREIGHTFI	DHL Freight Finland	DHLFREIGHTFIER	DHL Freight Eurapid FI	AT, AX, BE, CH, CZ, DE, DK, EE, ES, FI, FR, GB, HU, IR, IT, LT, LV, NL, NO, PL, PT, SE, SK	AT, AX, BE, CH, CZ, DE, DK, EE, ES, FI, FR, GB, HU, IR, IT, LT, LV, NL, NO, PL, PT, SE, SK
DHLFREIGHTFI	DHL Freight Finland	DHLFREIGHTFIEC	DHL Freight Euroconnect FI	AX, FI	AT, BA, BE, BG, BY, CH, CY, CZ, DE, DK, EE, ES, FR, GB, GE, GR, HR, HU, IE, IT, LT, LU, LV, MD, ME, MK, NL, NO, PL, PT, RO, RS, RU, SE, SI, SK, TR, UA
DHLFREIGHTFI	DHL Freight Finland	DHLFREIGHTFIKT	DHL Freight Kotimaa	AX, FI	AX, FI
DHLROAD	DHL Freight	ASWH2	DHL Home Delivery	SE	SE
DHLROAD	DHL Freight	ASWHR2	DHL Home Delivery Return	SE	SE
DHLROAD	DHL Freight	AEX	DHL Paket	SE	SE
DHLROAD	DHL Freight	AEXI	DHL Paket	SE	DK, EE, FI, LT, LV, NO, SJ
DHLROAD	DHL Freight	ASP2	DHL Pall	SE	SE
DHLROAD	DHL Freight	APC	DHL Parcel Connect	SE	AT, BE, BG, CZ, DE, EE, ES, FI, HR, HU, IE, LT, LU, LV, NL, NO, PL, PT, RO, SI, SJ, SK
DHLROAD	DHL Freight	APCS	DHL Parcel Connect (via Ombud)	SE	AT, BE, BG, CZ, DE, DK, EE, ES, FR, HR, HU, IE, LT, LV, NL, PL, PT, RO, SI, SK
DHLROAD	DHL Freight	APCR	DHL Parcel Return Connect	SE	AT, BE, BG, CZ, DE, DK, EE, ES, FI, FR, HR, HU, IE, LT, LU, LV, NL, NO, PL, PT, RO, SI, SJ, SK
DHLROAD	DHL Freight	ASWP2	DHL Parti	SE	SE
DHLROAD	DHL Freight	ASPO	DHL Service Point	SE	SE
DHLROAD	DHL Freight	ASPOR	DHL Service Point Retur	SE	SE
DHLROAD	DHL Freight	ASWS2	DHL Stycke	SE	SE
DHLROAD	DHL Freight	ASWP	DHL Swednet Partigods	SE	SE
DHLROAD	DHL Freight	ASWS	DHL Swednet Styckegods	SE	SE
DHLSPCOD	DHL Freight ServicePoint Efterkrav	ASPOC	DHL Service Point C.O.D.	SE	SE
DL	Direct Link	DLBMAIL	Direct Link Business Mail	*	*
DL	Direct Link	DLBMAILPLUS	Direct Link Business Mail Plus	*	*
DL	Direct Link	DLBMAILEXP	Direct Link Business Mail Plus Express	*	*
DL	Direct Link	DLBPARCEL	Direct Link Business Mail Plus Parcel	*	*
DL	Direct Link	DLBMAILRETURN	Direct Link Business Mail Return	*	*
DL	Direct Link	DLMAIL	Direct Link Merchandise Mail	*	*
DL	Direct Link	DLMAILPLUS	Direct Link Merchandise Mail Plus	*	*
DL	Direct Link	DLMAILEXP	Direct Link Merchandise Mail Plus Express	*	*
DL	Direct Link	DLPARCEL	Direct Link Merchandise Mail Plus Parcel	*	*
DL	Direct Link	DLMAILRETURN	Direct Link Merchandise Mail Return	*	*
DPDEE	DPD Estland	DPDEECLASSIC	DPD Classic (Estland)	EE	EE, LT, LV
DPDEE	DPD Estland	DPDEENEXTDAY	DPD Express Next-day (Estland)	EE	EE, LT, LV
DPDEE	DPD Estland	DPDEESAMEDAY	DPD Express Same-day (Estland)	EE	EE
DPDEE	DPD Estland	DPDEEPICKUP	DPD Pickup (Estland)	EE	EE
DPDEE	DPD Estland	DPDEEPICKUPRETURN	DPD Pickup Return (Estland)	EE	EE
DPDEE	DPD Estland	DPDEEPRIVATE	DPD Private (Estland)	EE	EE, LT, LV
DPDNL	DPD Nederländerna	DPDNL	DPD Classic (Nederländerna)	NL	*
DPDNL	DPD Nederländerna	DPDNLHOME	DPD Home	NL	*
DPDNL	DPD Nederländerna	DPDNLPSD	DPD ParcelShop Delivery	NL	*
DPDNL	DPD Nederländerna	DPDNLPSDRET	DPD ParcelShop Delivery Return	NL	*
DPDNO	DPD Norge	DPDNO	DPD Norge Standard/Export	NO	*
DSVD	DSV Road (inrikes)	DSVDINNIGHT	DSV InNight	SE	SE
DSVD	DSV Road (inrikes)	DSVDMYPACK	DSV MyPack	SE	SE
DSVD	DSV Road (inrikes)	DSVDMYPACKRETURN	DSV MyPack Return	SE	SE
DSVD	DSV Road (inrikes)	DSVDEPL	DSV Road e-pallet	SE	SE
DSVD	DSV Road (inrikes)	DSVDEPCL	DSV Road e-parcel	SE	SE
DSVD	DSV Road (inrikes)	DSVDECO	DSV Road ECO	SE	SE
DSVD	DSV Road (inrikes)	DSVDF10	DSV Road F10	SE	SE
DSVD	DSV Road (inrikes)	DSVDPG	DSV Road Partigods	SE	SE
DSVD	DSV Road (inrikes)	DSVDSG	DSV Road Styckegods	SE	SE
DSVDK	DSV Danmark	DSVDKPCL	DSV Parcel	DK, SE	*
DSVDK	DSV Danmark	DSVDKFULL	DSV Road Full load	DK, SE	AL, AN, AT, BA, BE, BG, BY, CH, CZ, DE, DK, EE, ES, FI, FR, GB, GR, HR, HU, IE, IT, LI, LT, LU, LV, MC, ME, MK, NL, NO, PL, PT, RO, RS, RU, SE, SI, SK, TR, UA, VA
DSVDK	DSV Danmark	DSVDKPART	DSV Road Part load	DK, SE	AL, AN, AT, BA, BE, BG, BY, CH, CZ, DE, DK, EE, ES, FI, FR, GB, GR, HR, HU, IE, IT, LI, LT, LU, LV, MC, ME, MK, NL, NO, PL, PT, RO, RS, RU, SE, SI, SK, TR, UA, VA
DSVDK	DSV Danmark	DSVDKGRP	DSV Road Stykgods	DK, SE	AL, AN, AT, BA, BE, BG, BY, CH, CZ, DE, DK, EE, ES, FI, FR, GB, GR, HR, HU, IE, IT, LI, LT, LU, LV, MC, ME, MK, NL, NO, PL, PT, RO, RS, RU, SE, SI, SK, TR, UA, VA
DSVFI	DSV Finland	DSVFIGRP	DSV Road Kappaletavara	AL, AN, AT, BA, BE, BG, BY, CH, CZ, DE, DK, EE, ES, FI, FR, GB, GR, HR, HU, IE, IT, LI, LT, LU, LV, MC, ME, MK, NL, NO, PL, PT, RO, RS, RU, SE, SI, SK, SM, TR, UA, VA	AL, AN, AT, BA, BE, BG, BY, CH, CZ, DE, DK, EE, ES, FI, FR, GB, GR, HR, HU, IE, IT, LI, LT, LU, LV, MC, ME, MK, NL, NO, PL, PT, RO, RS, RU, SE, SI, SK, SM, TR, UA, VA
DSVFI	DSV Finland	DSVFIFULL	DSV Road Osakuorma	AL, AN, AT, BA, BE, BG, BY, CH, CZ, DE, DK, EE, ES, FI, FR, GB, GR, HR, HU, IE, IT, LI, LT, LU, LV, MC, ME, MK, NL, NO, PL, PT, RO, RS, RU, SE, SI, SK, SM, TR, UA, VA	AL, AN, AT, BA, BE, BG, BY, CH, CZ, DE, DK, EE, ES, FI, FR, GB, GR, HR, HU, IE, IT, LI, LT, LU, LV, MC, ME, MK, NL, NO, PL, PT, RO, RS, RU, SE, SI, SK, SM, TR, UA, VA
DSVI	DSV Road (utrikes)	DSVIDAILY	DSV Road Daily	SE	AD, AE, AF, AG, AI, AL, AM, AN, AO, AR, AS, AT, AU, AW, AX, AZ, BA, BB, BD, BE, BF, BG, BH, BI, BJ, BM, BN, BO, BR, BS, BT, BV, BW, BY, BZ, CA, CC, CD, CF, CG, CH, CI, CK, CL, CM, CN, CO, CR, CU, CV, CX, CY, CZ, DE, DJ, DK, DM, DO, DZ, EC, EE, EG, EH, ER, ES, ET, FI, FJ, FK, FM, FO, FR, GA, GB, GD, GE, GF, GG, GH, GI, GL, GM, GN, GP, GQ, GR, GT, GU, GW, GY, HK, HM, HN, HR, HT, HU, ID, IE, IL, IM, IN, IO, IQ, IR, IS, IT, JE, JM, JO, JP, KE, KG, KH, KI, KM, KN, KP, KR, KW, KY, KZ, LA, LB, LC, LI, LK, LR, LS, LT, LU, LV, LY, MA, MC, MD, ME, MG, MH, MK, ML, MM, MN, MO, MP, MQ, MR, MS, MT, MU, MV, MW, MX, MY, MZ, NA, NC, NE, NF, NG, NI, NL, NO, NP, NR, NU, NZ, OM, PA, PE, PF, PG, PH, PK, PL, PM, PN, PR, PT, PW, PY, QA, RE, RO, RS, RU, RW, SA, SB, SC, SD, SG, SH, SI, SJ, SK, SL, SM, SN, SO, SR, ST, SV, SY, SZ, TC, TD, TF, TG, TH, TJ, TK, TL, TM, TN, TO, TR, TT, TV, TW, TZ, UA, UG, UM, US, UY, UZ, VA, VC, VE, VG, VI, VN, VU, WF, WS, YE, ZA, ZM, ZW
DSVI	DSV Road (utrikes)	DSVIECO	DSV Road ECO	SE	AD, AE, AF, AG, AI, AL, AM, AN, AO, AR, AS, AT, AU, AW, AX, AZ, BA, BB, BD, BE, BF, BG, BH, BI, BJ, BM, BN, BO, BR, BS, BT, BV, BW, BY, BZ, CA, CC, CD, CF, CG, CH, CI, CK, CL, CM, CN, CO, CR, CU, CV, CX, CY, CZ, DE, DJ, DK, DM, DO, DZ, EC, EE, EG, EH, ER, ES, ET, FI, FJ, FK, FM, FO, FR, GA, GB, GD, GE, GF, GG, GH, GI, GL, GM, GN, GP, GQ, GR, GT, GU, GW, GY, HK, HM, HN, HR, HT, HU, ID, IE, IL, IM, IN, IO, IQ, IR, IS, IT, JE, JM, JO, JP, KE, KG, KH, KI, KM, KN, KP, KR, KW, KY, KZ, LA, LB, LC, LI, LK, LR, LS, LT, LU, LV, LY, MA, MC, MD, ME, MG, MH, MK, ML, MM, MN, MO, MP, MQ, MR, MS, MT, MU, MV, MW, MX, MY, MZ, NA, NC, NE, NF, NG, NI, NL, NO, NP, NR, NU, NZ, OM, PA, PE, PF, PG, PH, PK, PL, PM, PN, PR, PT, PW, PY, QA, RE, RO, RS, RU, RW, SA, SB, SC, SD, SG, SH, SI, SJ, SK, SL, SM, SN, SO, SR, ST, SV, SY, SZ, TC, TD, TF, TG, TH, TJ, TK, TL, TM, TN, TO, TR, TT, TV, TW, TZ, UA, UG, UM, US, UY, UZ, VA, VC, VE, VG, VI, VN, VU, WF, WS, YE, ZA, ZM, ZW
DSVI	DSV Road (utrikes)	DSVIPG	DSV Road Partigods	SE	AD, AE, AF, AG, AI, AL, AM, AN, AO, AR, AS, AT, AU, AW, AX, AZ, BA, BB, BD, BE, BF, BG, BH, BI, BJ, BM, BN, BO, BR, BS, BT, BV, BW, BY, BZ, CA, CC, CD, CF, CG, CH, CI, CK, CL, CM, CN, CO, CR, CU, CV, CX, CY, CZ, DE, DJ, DK, DM, DO, DZ, EC, EE, EG, EH, ER, ES, ET, FI, FJ, FK, FM, FO, FR, GA, GB, GD, GE, GF, GG, GH, GI, GL, GM, GN, GP, GQ, GR, GT, GU, GW, GY, HK, HM, HN, HR, HT, HU, ID, IE, IL, IM, IN, IO, IQ, IR, IS, IT, JE, JM, JO, JP, KE, KG, KH, KI, KM, KN, KP, KR, KW, KY, KZ, LA, LB, LC, LI, LK, LR, LS, LT, LU, LV, LY, MA, MC, MD, ME, MG, MH, MK, ML, MM, MN, MO, MP, MQ, MR, MS, MT, MU, MV, MW, MX, MY, MZ, NA, NC, NE, NF, NG, NI, NL, NO, NP, NR, NU, NZ, OM, PA, PE, PF, PG, PH, PK, PL, PM, PN, PR, PT, PW, PY, QA, RE, RO, RS, RU, RW, SA, SB, SC, SD, SG, SH, SI, SJ, SK, SL, SM, SN, SO, SR, ST, SV, SY, SZ, TC, TD, TF, TG, TH, TJ, TK, TL, TM, TN, TO, TR, TT, TV, TW, TZ, UA, UG, UM, US, UY, UZ, VA, VC, VE, VG, VI, VN, VU, WF, WS, YE, ZA, ZM, ZW
DSVI	DSV Road (utrikes)	DSVISCHEDULE	DSV Road Schedule	SE	AD, AE, AF, AG, AI, AL, AM, AN, AO, AR, AS, AT, AU, AW, AX, AZ, BA, BB, BD, BE, BF, BG, BH, BI, BJ, BM, BN, BO, BR, BS, BT, BV, BW, BY, BZ, CA, CC, CD, CF, CG, CH, CI, CK, CL, CM, CN, CO, CR, CU, CV, CX, CY, CZ, DE, DJ, DK, DM, DO, DZ, EC, EE, EG, EH, ER, ES, ET, FI, FJ, FK, FM, FO, FR, GA, GB, GD, GE, GF, GG, GH, GI, GL, GM, GN, GP, GQ, GR, GT, GU, GW, GY, HK, HM, HN, HR, HT, HU, ID, IE, IL, IM, IN, IO, IQ, IR, IS, IT, JE, JM, JO, JP, KE, KG, KH, KI, KM, KN, KP, KR, KW, KY, KZ, LA, LB, LC, LI, LK, LR, LS, LT, LU, LV, LY, MA, MC, MD, ME, MG, MH, MK, ML, MM, MN, MO, MP, MQ, MR, MS, MT, MU, MV, MW, MX, MY, MZ, NA, NC, NE, NF, NG, NI, NL, NO, NP, NR, NU, NZ, OM, PA, PE, PF, PG, PH, PK, PL, PM, PN, PR, PT, PW, PY, QA, RE, RO, RS, RU, RW, SA, SB, SC, SD, SG, SH, SI, SJ, SK, SL, SM, SN, SO, SR, ST, SV, SY, SZ, TC, TD, TF, TG, TH, TJ, TK, TL, TM, TN, TO, TR, TT, TV, TW, TZ, UA, UG, UM, US, UY, UZ, VA, VC, VE, VG, VI, VN, VU, WF, WS, YE, ZA, ZM, ZW
DSVI	DSV Road (utrikes)	DSVISG	DSV Road Styckegods	SE	AD, AE, AF, AG, AI, AL, AM, AN, AO, AR, AS, AT, AU, AW, AX, AZ, BA, BB, BD, BE, BF, BG, BH, BI, BJ, BM, BN, BO, BR, BS, BT, BV, BW, BY, BZ, CA, CC, CD, CF, CG, CH, CI, CK, CL, CM, CN, CO, CR, CU, CV, CX, CY, CZ, DE, DJ, DK, DM, DO, DZ, EC, EE, EG, EH, ER, ES, ET, FI, FJ, FK, FM, FO, FR, GA, GB, GD, GE, GF, GG, GH, GI, GL, GM, GN, GP, GQ, GR, GT, GU, GW, GY, HK, HM, HN, HR, HT, HU, ID, IE, IL, IM, IN, IO, IQ, IR, IS, IT, JE, JM, JO, JP, KE, KG, KH, KI, KM, KN, KP, KR, KW, KY, KZ, LA, LB, LC, LI, LK, LR, LS, LT, LU, LV, LY, MA, MC, MD, ME, MG, MH, MK, ML, MM, MN, MO, MP, MQ, MR, MS, MT, MU, MV, MW, MX, MY, MZ, NA, NC, NE, NF, NG, NI, NL, NO, NP, NR, NU, NZ, OM, PA, PE, PF, PG, PH, PK, PL, PM, PN, PR, PT, PW, PY, QA, RE, RO, RS, RU, RW, SA, SB, SC, SD, SG, SH, SI, SJ, SK, SL, SM, SN, SO, SR, ST, SV, SY, SZ, TC, TD, TF, TG, TH, TJ, TK, TL, TM, TN, TO, TR, TT, TV, TW, TZ, UA, UG, UM, US, UY, UZ, VA, VC, VE, VG, VI, VN, VU, WF, WS, YE, ZA, ZM, ZW
DSVNO	DSV Road Norge	DSVNODPG	DSV Road Norge Partigods (inrikes)	NO	NO
DSVNO	DSV Road Norge	DSVNOIPG	DSV Road Norge Partigods (utrikes)	NO	AD, AE, AF, AG, AI, AL, AM, AN, AO, AR, AS, AT, AU, AW, AX, AZ, BA, BB, BD, BE, BF, BG, BH, BI, BJ, BM, BN, BO, BR, BS, BT, BV, BW, BY, BZ, CA, CC, CD, CF, CG, CH, CI, CK, CL, CM, CN, CO, CR, CU, CV, CX, CY, CZ, DE, DJ, DK, DM, DO, DZ, EC, EE, EG, EH, ER, ES, ET, FI, FJ, FK, FM, FO, FR, GA, GB, GD, GE, GF, GG, GH, GI, GL, GM, GN, GP, GQ, GR, GT, GU, GW, GY, HK, HM, HN, HR, HT, HU, ID, IE, IL, IM, IN, IO, IQ, IR, IS, IT, JE, JM, JO, JP, KE, KG, KH, KI, KM, KN, KP, KR, KW, KY, KZ, LA, LB, LC, LI, LK, LR, LS, LT, LU, LV, LY, MA, MC, MD, ME, MG, MH, MK, ML, MM, MN, MO, MP, MQ, MR, MS, MT, MU, MV, MW, MX, MY, MZ, NA, NC, NE, NF, NG, NI, NL, NO, NP, NR, NU, NZ, OM, PA, PE, PF, PG, PH, PK, PL, PM, PN, PR, PT, PW, PY, QA, RE, RO, RS, RU, RW, SA, SB, SC, SD, SG, SH, SI, SJ, SK, SL, SM, SN, SO, SR, ST, SV, SY, SZ, TC, TD, TF, TG, TH, TJ, TK, TL, TM, TN, TO, TR, TT, TV, TW, TZ, UA, UG, UM, US, UY, UZ, VA, VC, VE, VG, VI, VN, VU, WF, WS, YE, ZA, ZM, ZW
DSVNO	DSV Road Norge	DSVNODSGS	DSV Road Norge Partigods Specialfrakt (inrikes)	NO	NO
DSVNO	DSV Road Norge	DSVNODSG	DSV Road Norge Styckegods (inrikes)	NO	NO
DSVNO	DSV Road Norge	DSVNOISG	DSV Road Norge Styckegods (utrikes)	NO	AD, AE, AF, AG, AI, AL, AM, AN, AO, AR, AS, AT, AU, AW, AX, AZ, BA, BB, BD, BE, BF, BG, BH, BI, BJ, BM, BN, BO, BR, BS, BT, BV, BW, BY, BZ, CA, CC, CD, CF, CG, CH, CI, CK, CL, CM, CN, CO, CR, CU, CV, CX, CY, CZ, DE, DJ, DK, DM, DO, DZ, EC, EE, EG, EH, ER, ES, ET, FI, FJ, FK, FM, FO, FR, GA, GB, GD, GE, GF, GG, GH, GI, GL, GM, GN, GP, GQ, GR, GT, GU, GW, GY, HK, HM, HN, HR, HT, HU, ID, IE, IL, IM, IN, IO, IQ, IR, IS, IT, JE, JM, JO, JP, KE, KG, KH, KI, KM, KN, KP, KR, KW, KY, KZ, LA, LB, LC, LI, LK, LR, LS, LT, LU, LV, LY, MA, MC, MD, ME, MG, MH, MK, ML, MM, MN, MO, MP, MQ, MR, MS, MT, MU, MV, MW, MX, MY, MZ, NA, NC, NE, NF, NG, NI, NL, NO, NP, NR, NU, NZ, OM, PA, PE, PF, PG, PH, PK, PL, PM, PN, PR, PT, PW, PY, QA, RE, RO, RS, RU, RW, SA, SB, SC, SD, SG, SH, SI, SJ, SK, SL, SM, SN, SO, SR, ST, SV, SY, SZ, TC, TD, TF, TG, TH, TJ, TK, TL, TM, TN, TO, TR, TT, TV, TW, TZ, UA, UG, UM, US, UY, UZ, VA, VC, VE, VG, VI, VN, VU, WF, WS, YE, ZA, ZM, ZW
DTPG	PostNord Logistics AS (Norge)	P42NO	PostNord Logistics Express Next Day (Norge)	NO	NO
DTPG	PostNord Logistics AS (Norge)	DTPGAIR	PostNord Logistics Flyg (Norge)	DK, FI, NO, SE	NO
DTPG	PostNord Logistics AS (Norge)	DTPGIN	PostNord Logistics InNight (Norge)	DK, FI, NO, SE	NO
DTPG	PostNord Logistics AS (Norge)	DTPGSG	PostNord NO Groupage	NO	NO, SE
DTPG	PostNord Logistics AS (Norge)	P19NO	PostNord NO MyPack Collect	NO	DK, FI, NO, SE
DTPG	PostNord Logistics AS (Norge)	DTPGHD	PostNord NO MyPack Home	NO	NO
DTPG	PostNord Logistics AS (Norge)	P72NO	PostNord NO MyPack Home Small	NO	NO
DTPG	PostNord Logistics AS (Norge)	DTPG52	PostNord NO Pallet	NO	*
DTPG	PostNord Logistics AS (Norge)	DTPGPF	PostNord NO PartLoads	DK, NO, SE	NO
DTPG	PostNord Logistics AS (Norge)	P24NO	PostNord NO Return Drop Off	NO	NO
EarlyBird	Early Bird	EBEXP	Early Bird Express	SE	SE
EarlyBird	Early Bird	EBHD	Early Bird Home Delivery	SE	SE
EarlyBird	Early Bird	EBLOCAL	Early Bird Local	SE	SE
EarlyBird	Early Bird	MTDSTD	Early Bird Paket & Pall till Företag	SE	SE
EarlyBird	Early Bird	EBSTD	Early Bird Standard	SE	SE
EarlyBird	Early Bird	EBPOST	Early Bird Postlådeleverans	SE	SE
EarlyBird	Early Bird	EBRETURN	Early Bird Return	SE	SE
FEDEX	FedEx	FDXIED	FedEx International Economy (Docs)	*	*
FEDEX	FedEx	FDXIEP	FedEx International Economy (Non Docs)	*	*
FEDEX	FedEx	FDXIEF	FedEx International Economy Freight	*	*
FEDEX	FedEx	FDXIPD	FedEx International Priority (Docs)	*	*
FEDEX	FedEx	FDXIPP	FedEx International Priority (Non Docs)	*	*
FEDEX	FedEx	FDXIPF	FedEx International Priority Freight	*	*
FENNOROAD	FennoRoad Oy	FENNOROADSTD	FennoRoad Kotimaan Rahti 	AX, FI	AX, FI
FREE	Neutral transportör	FREEB	Neutral Brev	DK, FI, NO, SE	*
FREE	Neutral transportör	FREEG	Neutral Gods	*	*
FREE	Neutral transportör	FREEP	Neutral Paket	*	*
FRKO	Fraktkompaniet	FRKOSTD	Fraktkompaniet	*	*
FTLDK	Freja Transport & Logistics A/S	FTLDKSTD	Freja Transport & Logistics A/S	*	*
FTLSE	Freja Transport & Logistics AB	FTLSESTD	Freja Transport & Logistics AB	*	*
GLS	General Logistics Systems	GLSBPALL	GLS Business-Pallet	DK	DK
GLS	General Logistics Systems	GLSA	GLS Business-Parcel	DK	DK
GLS	General Logistics Systems	GLSEBP	GLS Euro Business-Parcel	DK	AD, AT, BA, BE, BG, BY, CH, CS, CY, CZ, DE, EE, ES, FI, FO, FR, GB, GE, GI, GL, GR, HR, HU, IE, IS, IT, LI, LT, LU, LV, MC, MD, ME, MK, MT, NL, NO, PL, PT, RO, RS, RU, SE, SI, SK, SM, UA, VA
GLS	General Logistics Systems	GLSGBP	GLS Global Business-Parcel	DK, SE	AE, AF, AG, AI, AM, AN, AO, AR, AS, AU, AW, AZ, BB, BD, BF, BH, BI, BJ, BM:BT, BN, BO, BR, BS, BW, BZ, CA, CD, CF, CG, CI, CK, CL, CM, CN, CO, CR, CV, DJ, DM, DO, DZ, EC, EG, ER, ET, FJ, GA, GD, GF, GM, GN, GP, GQ, GT, GU, GW, GY, HK, HN, HT, ID, IL, IN, IQ, IR, JM, JO, JP, KE, KG, KH, KR, KW, KY, KZ, LA, LB, LK, LR:LY, LS, MA, MG, ML, MM, MN, MO, MQ, MR, MS, MU, MV, MW, MX, MY, MZ:OM, NA, NC, NE, NG, NI, NP, NZ, PA, PE, PF, PG, PH, PK, PR, PS, PY, QA, RW, SA, SC, SD, SG, SL, SN, SO, SR, SV, SY, TD, TH, TL, TM, TN, TR, TT, TW, TZ, UG, US, UY, UZ, VE, VG, VI, VN, WS, YE, ZA, ZM, ZW
GLS	General Logistics Systems	GLSR	GLS Pick & Return	DK	DK
GLS	General Logistics Systems	GLSSHIP	GLS Pick & Ship	DK	DK
GLS	General Logistics Systems	GLSESDSPALL	GLS Sameday Solution Pallet	DK	DK
GLS	General Logistics Systems	GLSESDS16	GLS Sameday Solution Parcel	DK	DK
GLS	General Logistics Systems	GLSSAMEDAYPR	GLS Sameday Solution Pick & Return	DK	DK
GLS	General Logistics Systems	GLSSAMEDAYPS	GLS Sameday Solution Pick & Ship	DK	DK
GLS	General Logistics Systems	GLSPS	GLS ShopDelivery	DK	DK
GLS	General Logistics Systems	GLSPSR	GLS ShopReturn	DK	DK
GLSFI	GLS Finland	GLSFIEBF	GLS Finland Euro Business Freight	AX, FI	AN, AT, BE, CH, CZ, DE, DK, EE, ES, FR, GB, HR, HU, IE, IT, LI, LT, LU, LV, NL, NO, PL, PT, SE, SI, SK, SM, VA
GLSFI	GLS Finland	GLSFIEBP	GLS Finland Euro Business Parcel	AX, FI	AD, AN, AT, BA, BE, BG, CH, CY, CZ, DE, DK, EE, ES, FR, GB, GI, GR, HR, HU, IE, IT, LI, LT, LU, LV, MT, NL, NO, PL, PT, RO, RS, SE, SI, SK, SM, SP, UA, VA
GLSFI	GLS Finland	GLSFIEBPDOM	GLS Finland Euro Business Parcel	AX, FI	AX, FI
GLSFI	GLS Finland	GLSFIGBP	GLS Finland Global Business Parcel	AX, FI	AE, AI, AL, AM, AQ, AR, AS, AU, AW, AZ, BD, BF, BH, BI, BJ, BN, BO, BR, BV, BX, BY, BZ, CA, CC, CD, CG, CI, CK, CL, CM, CN, CO, CR, CV, CX, DJ, DM, DO, DZ, EC, EG, EH, ER, ET, FJ, FM, FO, GA, GD, GE, GF, GH, GL, GM, GN, GP, GS, GT, GU, GY, HK, HM, HN, HT, ID, IL, IN, IO, IQ, JM, JO, JP, KE, KG, KH, KN, KR, KW, KY, KZ, LA, LB, LC, LK, LR, LS, LY, MA, MB, MC, MD, MG, MH, MK, ML, MN, MO, MP, MQ, MR, MS, MU, MV, MX, MY, MZ, NA, NC, NE, NF, NG, NI, NP, NZ, OM, PA, PE, PF, PG, PH, PK, PN, PR, PS, PW, PY, QA, RE, RU, RW, SA, SC, SG, SJ, SN, SR, SV, SZ, TC, TD, TF, TG, TH, TL, TN, TO, TT, TW, TZ, UG, UM, US, UY, UZ, VC, VE, VI, VN, VU, WF, WS, XC, YE, YU, ZA, ZM, ZW
GLSFI	GLS Finland	GLSFIGEP	GLS Finland Global Express Parcel	AX, FI	AD, AE, AI, AL, AM, AN, AQ, AR, AS, AT, AU, AW, AZ, BA, BD, BE, BF, BG, BH, BI, BJ, BN, BO, BR, BV, BX, BY, BZ, CA, CC, CD, CG, CH, CI, CK, CL, CM, CN, CO, CR, CV, CX, CY, CZ, DE, DJ, DK, DM, DO, DZ, EC, EE, EG, EH, ER, ES, ET, FJ, FM, FO, FR, GA, GB, GD, GE, GF, GH, GI, GL, GM, GN, GP, GR, GS, GT, GU, GY, HK, HM, HN, HR, HT, HU, ID, IE, IL, IN, IO, IQ, IS, IT, JM, JO, JP, KE, KG, KH, KN, KR, KW, KY, KZ, LA, LB, LC, LI, LK, LR, LS, LT, LU, LV, LY, MA, MB, MC, MD, MG, MH, MK, ML, MN, MO, MP, MQ, MR, MS, MT, MU, MV, MX, MY, MZ, NA, NC, NE, NF, NG, NI, NL, NO, NP, NZ, OM, PA, PE, PF, PG, PH, PK, PL, PN, PR, PS, PT, PW, PY, QA, RE, RO, RS, RU, RW, SA, SC, SE, SG, SI, SJ, SK, SM, SN, SP, SR, SV, SZ, TC, TD, TF, TG, TH, TL, TN, TO, TR, TT, TW, TZ, UA, UG, UM, US, UY, UZ, VA, VC, VE, VI, VN, VU, WF, WS, XC, YE, YU, ZA, ZM, ZW
GLSPL	GLS Polen	GLSPLA	GLS Business-Parcel	PL	PL
GLSPL	GLS Polen	GLSPLEBP	GLS Euro Business-Parcel	PL	AD, AT, BA, BE, BG, BY, CH, CS, CY, CZ, DE, DK, EE, ES, FI, FO, FR, GB, GE, GI, GL, GR, HR, HU, IE, IS, IT, LI, LT, LU, LV, MC, MD, ME, MK, MT, NL, NO, PT, RO, RS, RU, SE, SI, SK, SM, UA, VA
GLSPL	GLS Polen	GLSPLR	GLS Pick & Return	PL	PL
HH	helthjem	HH72	helthjem	NO	NO
HH	helthjem	HH5	helthjem - abonnement	NO	NO
HH	helthjem	HH11	helthjem - ekspress	NO	NO
HH	helthjem	HH19	helthjem - hent i butikk	NO	NO
HH	helthjem	HH32	helthjem - personlig hjemlevering	NO	NO
HH	helthjem	HH24	helthjem - retur hent i butikk	NO	NO
HH	helthjem	HH1	helthjem - standard	NO	NO
HH	helthjem	HH83	helthjem - stykkgods	NO	NO, SE
HIT	PostNord InNight	HCONDID	Consolidation ID	*	*
HIT	PostNord InNight	H58	PostNord Forwarding	DK, FI, NO, SE	*
HIT	PostNord InNight	H48	PostNord InNight	DK, FI, NO, SE	AT, AU, AX, BE, BG, BY, CA, CH, CN, CZ, DE, DK, EE, ES, FI, FR, GB, GG, GR, HK, HR, HU, ID, IE, IM, IN, IT, JE, JP, KR, LT, LU, LV, ME, MY, NL, NO, NZ, PH, PL, PT, RO, RS, RU, SE, SG, SI, SK, SL, TH, TR, TW, UA, US
HIT	PostNord InNight	H49R	PostNord InNight Reverse	AT, AU, AX, BE, BG, BY, CA, CH, CN, CZ, DE, DK, EE, ES, FI, FR, GB, GG, GR, HK, HR, HU, ID, IE, IM, IN, IT, JE, JP, KR, LT, LU, LV, ME, MY, NL, NO, NZ, PH, PL, PT, RO, RS, RU, SE, SG, SI, SK, SL, TH, TR, TW, UA, US	AT, AU, AX, BE, BG, BY, CA, CH, CN, CZ, DE, DK, EE, ES, FI, FR, GB, GG, GR, HK, HR, HU, ID, IE, IM, IN, IT, JE, JP, KR, LT, LU, LV, ME, MY, NL, NO, NZ, PH, PL, PT, RO, RS, RU, SE, SG, SI, SK, SL, TH, TR, TW, UA, US
HIT	PostNord InNight	H69	PostNord Systemtransporter	DK, EE, FI, LI, LV, NO, SE	DK, EE, FI, LI, LV, NO, SE
HRX	HRX	HRXSTD	HRX	EE, FI, LT, LV, PL	*
IDRBUD	Idrottsbudet AB	IDRBUDEX	Idrottsbudet Paket Express	*	*
IDRBUD	Idrottsbudet AB	IDRBUDSE	Idrottsbudet Styckegods Sverige	SE	SE
IDRBUD	Idrottsbudet AB	IDRBUDI	Idrottsbudet Styckegods Utrikes	SE	*, AT, BE, BG, CY, CZ, DE, DK, EE, ES, FI, FR, GB, GR, HR, HU, IE, IT, LT, LU, LV, MC, MT, NL, PL, PT, RO, SI, SK
INSTABOX	Instabox	INSTABOXSTD	Instabox	SE	SE
INSTABOX	Instabox	INSTABOXEXP	Instabox Express	SE	SE
INSTABOX	Instabox	INSTABOXINX	Instabox INX	SE	SE
ITELLALOG	Posti Oy, Inrikes frakt	POF1	Posti - Frakt	AX, FI	AX, FI
ITELLALOG	Posti Oy, Inrikes frakt	POF21	Posti - Frakt Hemutdelning	AX, FI	AX, FI
ITELLALOG	Posti Oy, Inrikes frakt	POF6044	Posti - Livsmedel Direkt, frys	AX, FI	AX, FI
ITELLALOG	Posti Oy, Inrikes frakt	POF6043	Posti - Livsmedel Direkt, kyl	AX, FI	AX, FI
ITELLALOG	Posti Oy, Inrikes frakt	POF6042	Posti - Livsmedel Frys -18	AX, FI	AX, FI
ITELLALOG	Posti Oy, Inrikes frakt	POF6040	Posti - Livsmedel Kallt 0 - +3	AX, FI	AX, FI
ITELLALOG	Posti Oy, Inrikes frakt	POF6041	Posti - Livsmedel Kyl +2 - +6	AX, FI	AX, FI
ITELLALOG	Posti Oy, Inrikes frakt	POF6045	Posti - Livsmedel Varm	AX, FI	AX, FI
ITELLALOG	Posti Oy, Inrikes frakt	POV1	Posti - Veine-tjänster	AX, FI	AX, FI
ICA	ICA Paket	ICAPAK	ICA Paket	SE	SE
JB	Jetpak Borg	JBSTD	Jetpak Borg	NO, SE	NO
JETPAK	Jetpak	JETPAK	Jetpak	NO, SE	DK, FI, NO, SE
JETPAK	Jetpak	JETPAKTODAY	Jetpak Idag	NO, SE	DK, FI, NO, SE
JETPAK	Jetpak	JETPAKDAY	Jetpak Imorgon Dag	NO, SE	DK, FI, NO, SE
JETPAK	Jetpak	JETPAKEVN	Jetpak Imorgon Kväll	NO, SE	DK, FI, NO, SE
JETPAK	Jetpak	JETPAKMORNING	Jetpak Imorgon Morgon	NO, SE	DK, FI, NO, SE
KK	Kaukokiito	KKSTD	Kaukokiito	AX, FI, SE	AX, FI, SE
KL	DB SCHENKER inrikes	KLGRP	DB SCHENKER inrikes	FI	AX, FI
KORSU	Korsu Oy	KORSUSTD	Korsu Oy	FI	FI, NO, SE
KSK	KSK Logistiikka & Infra Oy	KSKLOG	KSK Logistiikka & Infra Oy	FI	FI
KUEHNENAGEL	Oy Kuehne + Nagel Ltd	KUEHNENAGELAIR	KN Air	*, FI	*, FI
KUEHNENAGEL	Oy Kuehne + Nagel Ltd	KUEHNENAGELROAD	KN Overland	*, FI	*, FI
KULSIOY	Kuljetuspalvelut Sirén Oy	SIKU	Sirén Kuljetuspalvelut	AX, FI	AX, FI
LAH	Lähettiläs	LAHSTD	Lähettiläs	FI	FI
LAKU	Läänin Kuljetus Oy	LAKUSTD	Läänin Kuljetus	FI	FI
LATA	Lahden Tavarataksit Oy	LATASTD	Lahden Tavarataksit	FI	FI
LP	Lehtipiste Oy	LPPIKA	Lehtipiste Pika	FI	FI
LP	Lehtipiste Oy	LPPAIVA	Lehtipiste Päivä	FI	FI
LP	Lehtipiste Oy	LPRUNKO	Lehtipiste Runko	FI	FI
MH	Matkahuolto	MH68	Matkahuolto Ahvenanmaan Jakopaketti	FI	AX
MH	Matkahuolto	MH10	Matkahuolto Bussipaketti	AX, FI, SE	AX, FI
MH	Matkahuolto	MH3050	Matkahuolto Jakopaketti/Paikallispaketti	AX, FI, SE	FI
MH	Matkahuolto	MH57	Matkahuolto Lavarahti	FI, SE	FI
MH	Matkahuolto	MH81	Matkahuolto Lähellä-paketin palautus	FI	FI
MH	Matkahuolto	MH80	Matkahuolto Lähellä-paketti	AX, FI	AX, FI
MH	Matkahuolto	MH80TEMP	Matkahuolto Lämpösäädelty	FI	FI
MH	Matkahuolto	MH75	Matkahuolto Mannermaan Jakopaketti	AX	FI
MH	Matkahuolto	MH74	Matkahuolto Mannermaan Paketti	AX	FI
MH	Matkahuolto	MH20	Matkahuolto Pikapaketti	FI	FI
MH	Matkahuolto	MH82	Matkahuolto Postaalipaketti	FI	FI
MH	Matkahuolto	MH83	Matkahuolto Postaalipaketti palautus	FI	FI
MH	Matkahuolto	MH40	Matkahuolto Rahtipussi	FI	FI
MH	Matkahuolto	MH96	Matkahuolto Ulkomaan Jakopaketti	FI	EE, LT, LV
MTD	MTD	MTDSTD	MTD Paket & Pall till Företag	SE	SE
MTD	MTD	MTDPLP	MTD Postlådepaket	SE	SE
NARKEFRAKT	Närkefrakt	NARKEFRAKT2	Närkefrakt - Pall KM (2)	SE	SE
NARKEFRAKT	Närkefrakt	NARKEFRAKT22	Närkefrakt - Pall KM (22)	SE	SE
NARKEFRAKT	Närkefrakt	NARKEFRAKT12	Närkefrakt - Pnr Pall (12)	SE	SE
NARKEFRAKT	Närkefrakt	NARKEFRAKT32	Närkefrakt - Pnr Pall (32)	SE	SE
NARKEFRAKT	Närkefrakt	NARKEFRAKT11	Närkefrakt - Pnr Stycke & Parti (11)	SE	SE
NARKEFRAKT	Närkefrakt	NARKEFRAKT31	Närkefrakt - Pnr Stycke & Parti (31)	SE	SE
NARKEFRAKT	Närkefrakt	NARKEFRAKT1	Närkefrakt - Stycke & Parti KM (1)	SE	SE
NARKEFRAKT	Närkefrakt	NARKEFRAKT21	Närkefrakt - Stycke & Parti KM (21)	SE	SE
NTEX	NTEX	NTEXROAD	NTEX Road	*	*
OL	Ontime Logistics	OLDAILY	Ontime Logistics Daily	*	*
OL	Ontime Logistics	OLEXPR	Ontime Logistics Express	*	*
OL	Ontime Logistics	OLSCHEDULE	Ontime Logistics Schedule	*	*
OMNI	Omniva	OMNIXN	Omniva International Registered Maxi letter	EE, LT, LV	*
OMNI	Omniva	OMNIPARCELMACHINE	Omniva Parcel Machine	EE, LT, LV	EE, LT, LV
ONROAD	OnRoad	ONRILA	OnRoad Ila	SE	SE
ONROAD	OnRoad	ONRSKICKA	OnRoad Skicka	SE	SE
ONROAD	OnRoad	ONRSKYNDA	OnRoad Skynda	SE	SE
PAX	Posten Åland	PAX16	Posten Åland Economy 16	AX, FI, SE	AX, FI, SE
PAX	Posten Åland	PAX14	Posten Åland Express Business Day 14	AX, FI, SE	AX, FI, SE
PAXMAIL	Posten Åland Brev	PAXMAILEC	Posten Åland Economy Letter	AX	*
PAXMAIL	Posten Åland Brev	PAXMAILPR	Posten Åland Priority Letter	AX	*
PBREV	PostNord Brev	BREVPOST	PostNord - Brev	SE	*
PBREV	PostNord Brev	PAF	PostNord - Brevpostförskott	SE	SE
PBREV	PostNord Brev	BEXPD	PostNord - Expressbrev	SE	SE
PBREV	PostNord Brev	ITR	PostNord - Kundretur brev utrikes	SE	AT, BE, CH, CZ, DE, DK, EE, ES, FI, FR, GB, GR, HU, IE, IS, IT, LT, LU, LV, NL, NO, PL, PT, RO, SI, SK
PBREV	PostNord Brev	BREV	PostNord - Normal	SE	*
PBREV	PostNord Brev	BSPAR	PostNord - Postservice Spårbarhet	SE	SE
PBREV	PostNord Brev	BREKD	PostNord - Rekommenderat	SE	SE
PBREV	PostNord Brev	BREKI	PostNord - Rekommenderat	SE	AD, AE, AF, AG, AI, AL, AM, AN, AO, AR, AT, AU, AW, AX, AZ, BA, BB, BD, BE, BF, BG, BH, BI, BJ, BM, BN, BO, BR, BS, BT, BW, BY, BZ, CA, CD, CF, CG, CH, CI, CL, CM, CN, CO, CR, CU, CV, CY, CZ, DE, DJ, DK, DM, DO, DZ, EC, EE, EG, ER, ES, ET, FI, FJ, FK, FO, FR, GA, GB, GD, GE, GF, GG, GH, GI, GL, GM, GN, GP, GQ, GR, GT, GW, GY, HK, HN, HR, HT, HU, ID, IE, IL, IM, IN, IQ, IR, IS, IT, JE, JM, JO, JP, KE, KG, KH, KI, KM, KN, KP, KR, KW, KY, KZ, LA, LB, LC, LI, LK, LR, LS, LT, LU, LV, LY, MA, MC, MD, ME, MG, MK, ML, MM, MN, MO, MQ, MR, MS, MT, MU, MV, MW, MX, MY, MZ, NA, NC, NE, NG, NI, NL, NO, NP, NR, NZ, OM, PA, PE, PF, PG, PH, PK, PL, PM, PR, PT, PW, PY, QA, RE, RO, RS, RU, RW, SA, SB, SC, SD, SG, SH, SI, SK, SL, SM, SN, SO, SR, ST, SV, SZ, TD, TG, TH, TJ, TL, TM, TN, TO, TR, TT, TV, TW, TZ, UA, UG, US, UY, UZ, VA, VC, VE, VG, VN, VU, WS, XK, YE, ZA, ZM, ZW
PBREV	PostNord Brev	P34	PostNord - Spårbart brev utrikes (LA)	SE	AT, AW, BE, BR, CA, CH, CN, CY, DE, DK, EE, ES, FI, FR, GB, GI, GR, HK, HR, HU, IE, IL, IS, IT, JP, KR, LB, LT, LV, MT, MY, NL, NZ, PL, PT, RU, SA, SG, SI, SK, TR, US
PBREV	PostNord Brev	BREVPOSTKOD	PostNord - Stort brev med sorteringskod	SE	SE
PBREV	PostNord Brev	PUA	PostNord - Varubrev 1:a klass	SE	AD, AE, AF, AG, AI, AL, AM, AN, AO, AR, AT, AU, AW, AX, AZ, BA, BB, BD, BE, BF, BG, BH, BI, BJ, BM, BN, BO, BR, BS, BT, BW, BY, BZ, CA, CD, CF, CG, CH, CI, CL, CM, CN, CO, CR, CU, CV, CY, CZ, DE, DJ, DK, DM, DO, DZ, EC, EE, EG, ER, ES, ET, FI, FJ, FK, FO, FR, GA, GB, GD, GE, GF, GG, GH, GI, GL, GM, GN, GP, GQ, GR, GT, GW, GY, HK, HN, HR, HT, HU, ID, IE, IL, IM, IN, IQ, IR, IS, IT, JE, JM, JO, JP, KE, KG, KH, KI, KM, KN, KP, KR, KW, KY, KZ, LA, LB, LC, LI, LK, LR, LS, LT, LU, LV, LY, MA, MC, MD, ME, MG, MK, ML, MM, MN, MO, MQ, MR, MS, MT, MU, MV, MW, MX, MY, MZ, NA, NC, NE, NG, NI, NL, NO, NP, NR, NZ, OM, PA, PE, PF, PG, PH, PK, PL, PM, PR, PT, PW, PY, QA, RE, RO, RS, RU, RW, SA, SB, SC, SD, SE, SG, SH, SI, SK, SL, SM, SN, SR, ST, SV, SY, SZ, TD, TG, TH, TJ, TL, TM, TN, TO, TR, TT, TV, TW, TZ, UA, UG, US, UY, UZ, VA, VC, VE, VG, VN, VU, WS, YE, ZA, ZM, ZW
PBREV	PostNord Brev	PUE	PostNord - Varubrev Ekonomi	SE	AD, AE, AF, AG, AI, AL, AM, AN, AO, AR, AT, AU, AW, AX, AZ, BA, BB, BD, BE, BF, BG, BH, BI, BJ, BM, BN, BO, BR, BS, BT, BW, BY, BZ, CA, CD, CF, CG, CH, CI, CL, CM, CN, CO, CR, CU, CV, CY, CZ, DE, DJ, DK, DM, DO, DZ, EC, EE, EG, ER, ES, ET, FI, FJ, FK, FO, FR, GA, GB, GD, GE, GF, GG, GH, GI, GL, GM, GN, GP, GQ, GR, GT, GW, GY, HK, HN, HR, HT, HU, ID, IE, IL, IM, IN, IQ, IR, IS, IT, JE, JM, JO, JP, KE, KG, KH, KI, KM, KN, KP, KR, KW, KY, KZ, LA, LB, LC, LI, LK, LR, LS, LT, LU, LV, LY, MA, MC, MD, ME, MG, MK, ML, MM, MN, MO, MQ, MR, MS, MT, MU, MV, MW, MX, MY, MZ, NA, NC, NE, NG, NI, NL, NO, NP, NR, NZ, OM, PA, PE, PF, PG, PH, PK, PL, PM, PR, PT, PW, PY, QA, RE, RO, RS, RU, RW, SA, SB, SC, SD, SE, SG, SH, SI, SK, SL, SM, SN, SR, ST, SV, SY, SZ, TD, TG, TH, TJ, TL, TM, TN, TO, TR, TT, TV, TW, TZ, UA, UG, US, UY, UZ, VA, VC, VE, VG, VN, VU, WS, YE, ZA, ZM, ZW
PBREV	PostNord Brev	PAG	PostNord - Varubrev Klimatekonomisk	SE	SE
PBREV	PostNord Brev	P79	PostNord - Varubrev Norge	NO	NO
PBREV	PostNord Brev	PBM	PostNord - Varubrev Retur	SE	SE
PBREV	PostNord Brev	BVAL	PostNord - Värde	SE	SE
PBREV	PostNord Brev	BVALFA	PostNord - Värde Skjutvapen	SE	SE
PBREV	PostNord Brev	EMSD2	PostNord EMS (brev/dokument)	SE	AE, AG, AI, AL, AM, AN, AO, AR, AT, AU, AW, AX, AZ, BA, BB, BD, BE, BF, BG, BH, BI, BJ, BM, BN, BO, BR, BS, BT, BW, BY, BZ, CA, CD, CF, CG, CH, CI, CL, CM, CN, CO, CR, CU, CV, CY, CZ, DE, DJ, DK, DM, DO, DZ, EC, EE, EG, ER, ES, ET, FI, FJ, FK, FO, FR, GA, GB, GD, GE, GF, GH, GI, GL, GM, GN, GP, GQ, GR, GT, GW, GY, HK, HN, HR, HT, HU, ID, IE, IL, IN, IR, IS, IT, JM, JO, JP, KE, KG, KH, KI, KM, KN, KR, KW, KY, KZ, LA, LB, LC, LI, LK, LR, LS, LT, LU, LV, LY, MA, MC, MD, ME, MG, MK, ML, MM, MN, MO, MQ, MR, MS, MT, MU, MV, MW, MX, MY, MZ, NA, NC, NE, NG, NI, NL, NO, NP, NR, NZ, OM, PA, PE, PF, PG, PH, PK, PL, PT, PY, QA, RE, RO, RS, RU, RW, SA, SB, SC, SD, SG, SI, SK, SL, SM, SN, SR, ST, SV, TC, TD, TG, TH, TJ, TM, TN, TR, TT, TW, TZ, UA, UG, US, UY, UZ, VC, VE, VN, VU, WS, YE, ZA, ZM, ZW
PBREV	PostNord Brev	EMSP2	PostNord EMS (paket/varor)	SE	AE, AG, AI, AL, AM, AN, AO, AR, AT, AU, AW, AX, AZ, BA, BB, BD, BE, BF, BG, BH, BI, BJ, BM, BN, BO, BR, BS, BT, BW, BY, BZ, CA, CD, CF, CG, CH, CI, CL, CM, CN, CO, CR, CU, CV, CY, CZ, DE, DJ, DK, DM, DO, DZ, EC, EE, EG, ER, ES, ET, FI, FJ, FK, FO, FR, GA, GB, GD, GE, GF, GH, GI, GL, GM, GN, GP, GQ, GR, GT, GW, GY, HK, HN, HR, HT, HU, ID, IE, IL, IN, IR, IS, IT, JM, JO, JP, KE, KG, KH, KI, KM, KN, KR, KW, KY, KZ, LA, LB, LC, LI, LK, LR, LS, LT, LU, LV, LY, MA, MC, MD, ME, MG, MK, ML, MM, MN, MO, MQ, MR, MS, MT, MU, MV, MW, MX, MY, MZ, NA, NC, NE, NG, NI, NL, NO, NP, NR, NZ, OM, PA, PE, PF, PG, PH, PK, PL, PT, PY, QA, RE, RO, RS, RU, RW, SA, SB, SC, SD, SG, SI, SK, SL, SM, SN, SR, ST, SV, TC, TD, TG, TH, TJ, TM, TN, TR, TT, TW, TZ, UA, UG, US, UY, UZ, VC, VE, VN, VU, WS, YE, ZA, ZM, ZW
PBREV	PostNord Brev	BGDA	PostNord GDA Import	*	SE
PBREV	PostNord Brev	PPA	PostNord Hemleverans	SE	SE
PBREV	PostNord Brev	RFT	PostNord RF Transport	SE	SE
PCZ	Czech Post	PCZDR	Czech Post Parcel Delivery To Hand	CZ	CZ
PCZ	Czech Post	PCZNP	Czech Post Parcel Delivery To Post Office	CZ	CZ
PDK	PostNord DK	PDK83	PostNord DK Groupage	DK	AX, DK, FI, NO, SE
PDK	PostNord DK	PDK83R	PostNord DK Groupage Return	DK	DK
PDK	PostNord DK	P19DK	PostNord DK MyPack Collect	DK	AX, DK, FI, NO, SE
PDK	PostNord DK	P19DKBP	PostNord DK MyPack Collect (Samsending)	DK	NO
PDK	PostNord DK	P19DKDPD	PostNord DK MyPack Collect	DK	AT, BE, BG, CH, CZ, DE, EE, ES, FR, GB, HR, IE, IT, LI, LT, LU, LV, MC, NL, PL, PT, RO, SI, SK
PDK	PostNord DK	PDK17	PostNord DK MyPack Home	DK	AX, DK, FI, FO, GL, IS, NO, SE
PDK	PostNord DK	PDK17BP	PostNord DK MyPack Home (Samsending)	DK	NO
PDK	PostNord DK	PDK17WORLD	PostNord DK MyPack Home	DK	AD, AE, AF, AG, AI, AL, AM, AN, AO, AR, AU, AW, AZ, BA, BB, BD, BF, BH, BI, BJ, BM, BN, BO, BR, BS, BT, BW, BY, BZ, CA, CD, CF, CG, CI, CK, CL, CM, CN, CO, CR, CU, CV, CW, CY, DJ, DM, DO, DZ, EC, EG, ER, ET, FJ, FK, FM, GA, GD, GE, GF, GH, GI, GM, GN, GP, GQ, GT, GU, GW, GY, HK, HN, HT, ID, IL, IN, IQ, IR, JM, JO, JP, KE, KG, KH, KI, KM, KN, KP, KR, KW, KY, KZ, LA, LB, LC, LK, LR, LS, LY, MA, MD, ME, MG, MK, ML, MM, MN, MO, MQ , MR, MS, MT, MU, MV, MW, MX, MY, MZ, NA, NC, NE, NG, NI, NP, NR, NZ, OM, PA, PE, PF, PG, PH, PK, PM, PN, PR, PY, QA, RE, RS, RU, RW, SA, SB, SC, SD, SG, SH, SL, SM, SN, SO, SR, SS, ST, SV, SX, SY, SZ, TC, TD, TG, TH, TJ, TL, TM, TN, TO, TR, TT, TV, TW, TZ, UA, UG, US, UY, UZ, VA, VC, VE, VN, VU, WS, XK, YE, YT, ZA, ZM, ZW
PDK	PostNord DK	PDK17DPD	PostNord DK MyPack Home	DK	AT, BE, BG, CH, CZ, DE, EE, ES, FI, FR, GB, GG, GR, HR, HU, IE, IM, IT, JE, LI, LT, LU, LV, MC, NL, PL, PT, RO, SI, SK
PDK	PostNord DK	P52DK	PostNord DK Pallet	DK	AT, AX, BA, BE, BG, BY, CH, CY, CZ, DE, DK, EE, ES, FI, FO, FR, GB, GL, GR, HR, HU, IE, IS, IT, LT, LU, LV, MC, ME, MK, MT, NL, NO, PL, PT, RO, RS, SE, SI, SJ, SK, TR, UA
PDK	PostNord DK	P52DKR	PostNord DK Pallet Return	DK	DK
PDK	PostNord DK	PDKEP	PostNord DK Parcel	DK	DK, FO, GL, IS, NO, SE
PDK	PostNord DK	PDK18BP	PostNord DK Parcel (Samsending)	DK	NO
PDK	PostNord DK	PDK18WORLD	PostNord DK Parcel	DK	AD, AE, AF, AG, AI, AL, AM, AN, AO, AR, AU, AW, AZ, BA, BB, BD, BF, BH, BI, BJ, BM, BN, BO, BR, BS, BT, BW, BY, BZ, CA, CD, CF, CG, CI, CK, CL, CM, CN, CO, CR, CU, CV, CW, CY, DJ, DM, DO, DZ, EC, EG, ER, ET, FJ, FK, FM, GA, GD, GE, GF, GH, GI, GM, GN, GP, GQ, GT, GU, GW, GY, HK, HN, HT, ID, IL, IN, IQ, IR, JM, JO, JP, KE, KG, KH, KI, KM, KN, KP, KR, KW, KY, KZ, LA, LB, LC, LK, LR, LS, LY, MA, MD, ME, MG, MK, ML, MM, MN, MO, MQ , MR, MS, MT, MU, MV, MW, MX, MY, MZ, NA, NC, NE, NG, NI, NP, NR, NZ, OM, PA, PE, PF, PG, PH, PK, PM, PN, PR, PY, QA, RE, RS, RU, RW, SA, SB, SC, SD, SG, SH, SL, SM, SN, SO, SR, SS, ST, SV, SX, SY, SZ, TC, TD, TG, TH, TJ, TL, TM, TN, TO, TR, TT, TV, TW, TZ, UA, UG, US, UY, UZ, VA, VC, VE, VN, VU, WS, XK, YE, YT, ZA, ZM, ZW
PDK	PostNord DK	PDK18DPD	PostNord DK Parcel	DK	AT, BE, BG, CH, CZ, DE, EE, ES, FI, FR, GB, GG, GR, HR, HU, IE, IM, IT, JE, LI, LT, LU, LV, MC, NL, PL, PT, RO, SI, SK
PDK	PostNord DK	P24DK	PostNord DK Return Drop Off	DK	AX, DK, FI, FO, GL, IS, NO, SE
PDK	PostNord DK	P24DKDPD	PostNord DK Return Drop Off	DK	AT, BE, BG, CH, CZ, DE, EE, ES, FR, GB, HR, IE, IT, LI, LT, LU, LV, MC, NL, PL, PT, RO, SI, SK
PDK	PostNord DK	PDKCRP	PostNord DK Return Pickup	AT, BE, BG, CZ, DE, DK, EE, ES, FI, FR, GB, HR, HU, IE, IT, JE, LT, LU, LV, NL, PL, PT, RO, SE, SI, SK	AT, BE, BG, CH, CZ, DE, DK, EE, ES, FI, FR, GB, GR, HR, HU, IE, IT, LI, LT, LU, LV, MC, NL, PL, PT, RO, SE, SI, SK
PDK	PostNord DK	PDKLASTMILE	PostNord DK Service Logistik	DK	DK, SE
PDK	PostNord DK	P19DKSLUO	PostNord DK Service Logistik uden omdeling	DK	AX, DK, FI, FO, GL, IS, SE
PDKBREV	PostNord Breve	PDKBREVAF	PostNord DK Afleveringsattest	DK	DK
PDKBREV	PostNord Breve	PDKBREVEMS	PostNord DK EMS International Express	DK	AE, AU, BR, CA, CM, CN, HK, IN, JP, KR, NZ, PH, RU, SG, TH, TR, US, VN
PDKBREV	PostNord Breve	PDKBREVRR	PostNord DK Rekommanderet Brev	DK	*
PDKBREV	PostNord Breve	PDKBREVRQ	PostNord DK Rekommanderet Quickbrev	DK	DK
PDKBREV	PostNord Breve	PDKBREVIAT	PostNord DK Trackable RFID, Maxibrev	DK	AT, AX, BE, CH, DE, ES, FI, FR, GB, GR, HR, HU, IT, LU, LV, NL, NO, PT, SE, SI, US
PDKBREV	PostNord Breve	PDKBREVIAU	PostNord DK Trackable RFID, Storbrev	DK	AT, AX, BE, CH, DE, ES, FI, FR, GB, GR, HR, HU, IT, LU, LV, NL, NO, PT, SE, SI, US
PDKBREV	PostNord Breve	PDKBREVI	PostNord DK Tracked, Maxibrev	DK	AT, AU, AX, BE, BR, CA, CH, CN, CZ, DE, EE, ES, FI, FO, FR, GB, GL, GR, HK, HR, HU, IE, IL, IS, IT, JP, KR, LT, LU, LV, MX, MY, NL, NO, NZ, PL, PT, RU, SE, SG, SI, SK, TR, US
PDKBREV	PostNord Breve	PDKBREVISB	PostNord DK Tracked, Storbrev	DK	AT, AU, AX, BE, BR, CA, CH, CN, CZ, DE, EE, ES, FI, FO, FR, GB, GL, GR, HK, HR, HU, IE, IL, IS, IT, JP, KR, LT, LU, LV, MX, MY, NL, NO, NZ, PL, PT, RU, SE, SG, SI, SK, TR, US
PDKBREV	PostNord Breve	PDKBREVIU	PostNord DK Untracked Maxibrev	DK	*
PDKBREV	PostNord Breve	PDKBREVIUSB	PostNord DK Untracked Storbrev	DK	*
PDT	Per Damgaard Transport APS	PDTSTD	Per Damgaard Transport	*	*
PLAB	PostNord Sverige AB	P51	PostNord Comeback	SE	SE
PLAB	PostNord Sverige AB	P84	PostNord Continent Road Freight	*	*
PLAB	PostNord Sverige AB	P55PEX	PostNord Dagbud	SE	SE
PLAB	PostNord Sverige AB	P57	PostNord DPD Företagspaket Special	SE	SE
PLAB	PostNord Sverige AB	P88	PostNord DPD Import	*	*
PLAB	PostNord Sverige AB	DPD	PostNord DPD Utrikes	*, AT, AX, BE, BG, CH, CY, CZ, DE, DK, EE, ES, FI, FR, GB, GR, HR, HU, IE, IT, LT, LU, LV, MC, MT, NL, NO, PL, PT, RO, RS, SE, SI, SK	*, AT, AX, BE, BG, CH, CY, CZ, DE, DK, EE, ES, FI, FR, GB, HU, IE, IT, LT, LU, LV, NL, NO, PL, PT, RO, RS, SE, SI, SK
PLAB	PostNord Sverige AB	P44	PostNord Express - Bud Distribution	SE	*
PLAB	PostNord Sverige AB	P42	PostNord Express - Expresspaket	SE	SE
PLAB	PostNord Sverige AB	P50	PostNord Express - Urntransport	SE	SE
PLAB	PostNord Sverige AB	P83	PostNord Groupage	DK, FI, NO, SE	AX, DK, FI, NO, SE
PLAB	PostNord Sverige AB	P33	PostNord Hem Lokalt	SE	SE
PLAB	PostNord Sverige AB	P91	PostNord International Parcel	SE	AD, AE, AF, AG, AI, AL, AM, AN, AO, AR, AS, AT, AU, AW, AX, AZ, BA, BB, BD, BF, BG, BH, BI, BJ, BM, BN, BO, BR, BS, BT, BW, BY, BZ, CA, CD, CF, CG, CH, CI, CK, CL, CM, CN, CO, CR, CU, CV, CY, CZ, DJ, DM, DO, DZ, EC, EE, EG, ER, ES, ET, FJ, FK, FO, FR, GA, GB, GD, GE, GF, GG, GH, GI, GL, GM, GN, GP, GQ, GR, GS, GT, GU, GW, GY, HK, HN, HR, HT, HU, ID, IE, IL, IM, IN, IO, IQ, IR, IS, IT, JE, JM, JO, JP, KE, KG, KH, KI, KM, KN, KP, KR, KW, KY, KZ, LA, LB, LC, LI, LK, LR, LS, LT, LV, LY, MA, MC, MD, ME, MG, MK, ML, MM, MN, MO, MP, MQ, MR, MT, MU, MV, MW, MX, MY, MZ, NA, NC, NE, NF, NG, NI, NO, NP, NR, NU, NZ, OM, PA, PE, PF, PG, PH, PK, PL, PM, PN, PR, PT, PY, QA, RE, RO, RS, RU, RW, SA, SB, SC, SD, SG, SH, SI, SJ, SK, SL, SM, SN, SR, ST, SV, SZ, TC, TD, TG, TH, TJ, TK, TL, TM, TN, TO, TR, TT, TV, TW, TZ, UA, UG, US, UY, UZ, VA, VC, VE, VG, VI, VN, VU, WF, WS, YE, YT, ZA, ZM, ZW
PLAB	PostNord Sverige AB	P38CDR	PostNord Kartong med porto (CDR)	*	*
PLAB	PostNord Sverige AB	P82	PostNord Lokal Åkeritjänst - PAKET	SE	SE
PLAB	PostNord Sverige AB	P81	PostNord Lokal Åkeritjänst - PALL	SE	SE
PLAB	PostNord Sverige AB	P19	PostNord MyPack Collect	DK, NO, SE	AX, DK, FI, IE, NO, PL, SE
PLAB	PostNord Sverige AB	P19DPD	PostNord MyPack Collect	SE	AT, BE, DE, EE, ES, FR, GB, LT, LU, LV, NL, PT
PLAB	PostNord Sverige AB	P17	PostNord MyPack Home SE	DK, FI, NO, SE	DK, FI, FO, GL, NO, SE
PLAB	PostNord Sverige AB	P30	PostNord MyPack Home Small	SE	SE
PLAB	PostNord Sverige AB	P17DPD	PostNord MyPack Home utanför Norden (Sverige)	SE	AT, BE, CH, CZ, DE, EE, ES, FR, GB, HR, HU, IE, IT, LT, LU, LV, NL, PL, PT, RS, SI, SK
PLAB	PostNord Sverige AB	P90	PostNord MyPack SameDay	SE	*
PLAB	PostNord Sverige AB	P54	PostNord PALL.ETT+	SE	SE
PLAB	PostNord Sverige AB	P52	PostNord Pallet	DK, FI, NO, SE	AT, AX, BA, BE, BG, BY, CH, CZ, DE, DK, EE, ES, FI, FR, GB, GG, GR, HR, HU, IE, IM, IT, JE, LT, LU, LV, ME, MK, NL, NO, PL, PT, RO, RS, SE, SI, SK, TR, UA
PLAB	PostNord Sverige AB	P53	PostNord Pallet Special	SE	SE
PLAB	PostNord Sverige AB	P52S	PostNord Pallet Split Shipment	SE	FI, NO
PLAB	PostNord Sverige AB	P18	PostNord Parcel (Norden)	SE	AX, DK, FI, FO, GL, IS, NO, SE, SJ
PLAB	PostNord Sverige AB	P31	PostNord Parcel 09	SE	SE
PLAB	PostNord Sverige AB	P14	PostNord Parcel 12	SE	SE
PLAB	PostNord Sverige AB	P15	PostNord Parcel (inom Sverige)	SE	SE
PLAB	PostNord Sverige AB	P18DPD	PostNord Parcel (Norden)	SE	*
PLAB	PostNord Sverige AB	P85	PostNord Part Loads	SE	AT, AX, BA, BE, BG, BY, CH, CZ, DE, DK, EE, ES, FI, FR, GB, GG, GR, HR, HU, IE, IM, IT, JE, LT, LU, LV, ME, MK, NL, NO, PL, PT, RO, RS, SE, SI, SK, TR, UA
PLAB	PostNord Sverige AB	P13CDR	PostNord Postpaket (CDR)	*	*
PLAB	PostNord Sverige AB	P27CDR	PostNord Postpaket kontant  (CDR)	*	*
PLAB	PostNord Sverige AB	P98	PostNord Postpaket Utrikes import EPG	*	*
PLAB	PostNord Sverige AB	P92	PostNord Postpaket Utrikes import UPU (92)	*	*
PLAB	PostNord Sverige AB	P97	PostNord Postpaket Utrikes import UPU (97)	*	*
PLAB	PostNord Sverige AB	P59	PostNord Retail Delivery	AX, DK, FI, NO, SE	AX, DE, DK, EE, FI, LT, LV, NO, PL, SE
PLAB	PostNord Sverige AB	P24	PostNord Return Drop Off	DK, NO, SE	AX, DK, FI, IE, NO, PL, SE
PLAB	PostNord Sverige AB	P24DPD	PostNord Return Drop Off	SE	AT, BE, DE, EE, ES, FR, GB, LT, LU, LV, NL, PT
PLAB	PostNord Sverige AB	P22R	PostNord Return Pickup	SE	SE
PLAB	PostNord Sverige AB	P20	PostNord Return Pickup (Norden)	AX, DK, FI, NO, SE	AX, DK, FI, NO, SE
PLAB	PostNord Sverige AB	P57SL	PostNord Servicelogistik	SE	SE
PLAB	PostNord Sverige AB	P37	PostNord Tompallsdistribution	SE	SE
PLAB	PostNord Sverige AB	P37INTERNAL	PostNord Tompallsdistribution (intern)	SE	SE
PLSCM	PostNord Oy	DOMROAD	PostNord Domestic Road	FI	AX, FI
PLSCM	PostNord Oy	DPDFI	PostNord DPD Classic (Finland)	AT, BE, BG, CZ, DE, DK, EE, ES, FI, FR, GB, GR, HU, IE, IT, LT, LU, LV, MC, NL, PL, PT, RO, SE, SI, SK	*
PLSCM	PostNord Oy	PFIEXL	PostNord Express Letter	FI	AD, AE, AF, AG, AI, AL, AM, AO, AQ, AR, AS, AT, AU, AW, AX, AZ, BA, BB, BD, BE, BF, BG, BH, BI, BJ, BL, BM, BN, BO, BQ, BR, BS, BT, BV, BW, BY, BZ, CA, CC, CD, CF, CG, CH, CI, CK, CL, CM, CN, CO, CR, CU, CV, CW, CX, CY, CZ, DE, DJ, DK, DM, DO, DZ, EE, EG, EH, ER, ES, ET, FJ, FK, FM, FO, FR, GA, GB, GD, GE, GF, GG, GH, GI, GL, GM, GN, GP, GQ, GR, GS, GT, GU, GW, GY, HK, HM, HN, HR, HT, HU, IC, ID, IE, IL, IM, IN, IO, IQ, IR, IS, IT, JE, JM, JO, JP, KE, KG, KH, KI, KM, KN, KP, KR, KW, KY, KZ, LA, LB, LC, LI, LK, LR, LS, LT, LU, LV, LY, MA, MC, MD, ME, MF, MG, MH, MK, ML, MM, MN, MO, MP, MQ, MR, MS, MT, MU, MV, MW, MX, MY, MZ, NA, NC, NE, NF, NG, NI, NL, NO, NP, NR, NU, NZ, OM, PA, PE, PF, PG, PH, PK, PL, PM, PN, PR, PS, PT, PW, PY, QA, RE, RO, RS, RU, RW, SA, SB, SC, SD, SE, SG, SH, SI, SJ, SK, SL, SM, SN, SO, SR, SS, ST, SV, SX, SY, SZ, TC, TD, TF, TG, TH, TJ, TK, TL, TM, TN, TO, TR, TT, TV, TW, TZ, UA, UG, UM, US, UY, UZ, VA, VC, VE, VG, VI, VN, VU, WF, WS, XZ, YE, YT, ZA, ZM, ZW
PLSCM	PostNord Oy	PFIGBP	PostNord Global Parcel	FI	*
PLSCM	PostNord Oy	P83FI	PostNord Groupage FI	AX, FI	AX, DK, FI, NO, SE
PLSCM	PostNord Oy	PFILEC	PostNord Letter Economy	FI	*
PLSCM	PostNord Oy	PFILPR	PostNord Letter Priority	FI	*
PLSCM	PostNord Oy	P19FI	PostNord MyPack Collect FI	FI	AX, DK, FI, NO, SE
PLSCM	PostNord Oy	P19FIDPD	PostNord MyPack Collect FI	FI	AT, BE, DE, EE, ES, FR, GB, LT, LU, LV, NL
PLSCM	PostNord Oy	P17FI	PostNord MyPack Home FI	FI	AX, DK, FI, NO, SE
PLSCM	PostNord Oy	P17FIDPD	PostNord MyPack Home	FI	AT, BE, CH, CZ, DE, EE, ES, FR, GB, HR, HU, IE, IT, LT, LU, LV, NL, PL, PT, SI, SK
PLSCM	PostNord Oy	P24FIDPD	PostNord Return Drop Off	FI	AT, BE, DE, EE, ES, FR, GB, LT, LU, LV, NL
PLSCM	PostNord Oy	P52FI	PostNord PALL.ETT (Finland)	AX, FI	AT, AX, BA, BE, BG, BY, CH, CZ, DE, DK, ES, FI, FR, GB, GG, GR, HR, HU, IE, IM, IT, JE, LU, ME, MK, NL, NO, PT, RO, RS, SE, SI, SK, TR, UA
PLSCM	PostNord Oy	P52FIDPD	PostNord PALL.ETT (Finland)	FI	EE, LT, LV, PL
PLSCM	PostNord Oy	P18FI	PostNord Parcel FI	FI	AX, DK, FI, FO, GL, IS, NO, SE, SJ
PLSCM	PostNord Oy	P18FIDPD	PostNord Parcel FI	FI	AT, BA, BE, BG, CH, CZ, DE, EE, ES, FR, GB, GG, GR, HR, HU, IE, IM, IT, JE, LI, LT, LU, LV, MC, NL, PL, PT, RO, RS, SI, SK, UA, VA
PLSCM	PostNord Oy	P24FI	PostNord Return Drop Off	FI	AX, DK, FI, NO, SE
PNL	Bring Parcels AB	PNL336	Bring Business Pallet	AT, AX, BE, CH, CZ, DE, DK, EE, ES, FI, FO, FR, GB, GL, GR, HU, IE, IS, IT, LT, LU, LV, NL, PL, PT, SE, SI, SK	AT, AX, BE, CH, CZ, DE, DK, EE, ES, FI, FO, FR, GB, GL, GR, HU, IE, IS, IT, LT, LU, LV, NL, NO, PL, PT, SE, SI, SK
PNL	Bring Parcels AB	PNL330	Bring Business Parcel	DK, FI, SE	*
PNL	Bring Parcels AB	PNL332	Bring Business Parcel Bulk	AT, AX, BE, BG, CY, CZ, DE, DK, EE, ES, FI, FO, FR, GB, GG, GR, HR, HU, IE, IM, IS, IT, JE, LT, LU, LV, MC, MT, NL, PL, PT, RO, SE, SI, SK	DE, DK, EE, FI, FO, GB, GG, IM, IS, JE, NL, NO, SE
PNL	Bring Parcels AB	PNL331	Bring Business Parcel Return	DK, FI, SE	DK, FI, NO, SE
PNL	Bring Parcels AB	PNL333	Bring Business Parcel Return Bulk	DK, FI, SE	DK, FI, NO, SE
PNL	Bring Parcels AB	PNLWAY	Bring CarryOn Waybill	AT, BE, BG, CY, CZ, DE, DK, EE, ES, FI, FR, GB, GR, HR, HU, IE, IT, LT, LU, LV, MC, MT, NL, PL, PT, RO, SE, SI, SK	*
PNL	Bring Parcels AB	PNL335	Bring Express Nordic 09:00	SE	SE
PNL	Bring Parcels AB	PNL334	Bring Express Nordic 09:00 Bulk	AT, AX, BE, BG, CY, CZ, DE, DK, EE, ES, FI, FR, GB, GG, GR, HR, HU, IE, IM, IT, JE, LT, LU, LV, MC, MT, NL, PL, PT, RO, SE, SI, SK	NO, SE
PNL	Bring Parcels AB	PNL339	Bring Express Nordic 09:00 Pallet	SE	SE
PNL	Bring Parcels AB	PNL349	Bring Home Delivery Parcel	AT, AX, BE, BG, CY, CZ, DE, DK, EE, ES, FI, FR, GB, GG, GR, HR, HU, IE, IM, IT, JE, LT, LU, LV, MC, MT, NL, PL, PT, RO, SE, SI, SK	DK, FI, NO, SE
PNL	Bring Parcels AB	PNL348	Bring Home Delivery Parcel Return	DK, SE	DK, FI, NO, SE
PNL	Bring Parcels AB	PNL340	Bring PickUp Parcel	DK, FI, SE	*
PNL	Bring Parcels AB	PNL342	Bring PickUp Parcel Bulk	AT, AX, BE, BG, CY, CZ, DE, DK, EE, ES, FI, FR, GB, GG, GR, HR, HU, IE, IM, IT, JE, LT, LU, LV, MC, MT, NL, PL, PT, RO, SE, SI, SK	DE, DK, EE, FI, FO, GB, IS, NL, NO, SE
PNL	Bring Parcels AB	PNL341	Bring PickUp Parcel Return	DK, FI, SE	DK, FI, NO, SE
PNL	Bring Parcels AB	PNL343	Bring PickUp Parcel Return Bulk	DK, FI, SE	DK, FI, NO, SE
PNLNO	Bring Parcels Norge (utrikes)	PNLNO336	Bring Business Pallet	NO	AT, AX, BE, CH, CZ, DE, DK, EE, ES, FI, FO, FR, GB, GI, GR, HU, IE, IS, IT, LT, LU, LV, NL, PL, PT, SE, SI, SK
PNLNO	Bring Parcels Norge (utrikes)	PNLNO330	Bring Business Parcel	NO	AR, AT, AU, AX, BE, BG, BR, BY, CA, CH, CL, CN, CU, CZ, DE, DK, EE, ES, FI, FO, FR, GB, GL, GR, HK, HR, HU, ID, IE, IN, IS, IT, JP, KR, LT, LU, LV, MC, ME, MT, MY, NL, NZ, PH, PL, PT, RO, RS, RU, SA, SE, SG, SI, SK, TH, TR, TW, UA, US, ZA
PNLNO	Bring Parcels Norge (utrikes)	PNLNO332	Bring Business Parcel Bulk	NO	DE, DK, EE, FI, FO, GB, GG, IM, IS, JE, NL, SE
PNLNO	Bring Parcels Norge (utrikes)	PNLNO331	Bring Business Parcel Return	NO	DK, FI, NO, SE
PNLNO	Bring Parcels Norge (utrikes)	PNLNO333	Bring Business Parcel Return Bulk	NO	DK, FI, NO, SE
PNLNO	Bring Parcels Norge (utrikes)	PNLNOWAY	Bring CarryOn Waybill	NO	*
PNLNO	Bring Parcels Norge (utrikes)	PNLNO334	Bring Express Nordic 09:00 Bulk	NO	SE
PNLNO	Bring Parcels Norge (utrikes)	PNLNO349	Bring Home Delivery Parcel	NO	DK, FI, SE
PNLNO	Bring Parcels Norge (utrikes)	PNLNO340	Bring PickUp Parcel	NO	AT, BE, CH, CZ, DE, DK, EE, ES, FI, FO, FR, GB, GL, GR, HU, IE, IS, IT, LT, LU, LV, NL, PL, PT, SE, SI, SK, US
PNLNO	Bring Parcels Norge (utrikes)	PNLNO342	Bring PickUp Parcel Bulk	NO	DE, DK, EE, FI, FO, GB, IS, NL, SE
PNLNO	Bring Parcels Norge (utrikes)	PNLNO341	Bring PickUp Parcel Return	NO	DK, FI, NO, SE
PNLNO	Bring Parcels Norge (utrikes)	PNLNO343	Bring PickUp Parcel Return Bulk	NO	DK, FI, NO, SE
POSTI	Posti Oy, Paket och transportenheter	PO5006	Posti - Assurerad försändelse	AX, FI	AX, FI
POSTI	Posti Oy, Paket och transportenheter	PO5004	Posti - Brev med mottagningsbevis	AX, FI	AX, FI
POSTI	Posti Oy, Paket och transportenheter	PO5002	Posti - Economy-brev med postförskott	AX, FI	AX, FI
POSTI	Posti Oy, Paket och transportenheter	PO2017	Posti - EMS	AX, FI	*
POSTI	Posti Oy, Paket och transportenheter	PO2017D	Posti - EMS DocPack	AX, FI	*
POSTI	Posti Oy, Paket och transportenheter	PO5001	Posti - Express brev	AX, FI	*
POSTI	Posti Oy, Paket och transportenheter	ITKY14I	Posti - Express Business Day pallet (Utrikes)	DK, EE, FI, LT, LV, NO, PL, SE	DK, EE, FI, LT, LV, NO, PL, SE
POSTI	Posti Oy, Paket och transportenheter	IT14I	Posti - Express Business Day parcel (Utrikes)	AT, BE, BG, CH, CZ, DE, DK, EE, ES, FI, FR, GB, GR, HR, HU, IE, IT, LT, LU, LV, NL, NO, PL, PT, RO, SE, SI, SK	AT, BE, BG, CH, CZ, DE, DK, EE, ES, FI, FR, GB, GR, HR, HU, IE, IT, LT, LU, LV, NL, NO, PL, PT, RO, SE, SI, SK
POSTI	Posti Oy, Paket och transportenheter	PO2144	Posti - Expressfrakt	AX, FI	AX, FI
POSTI	Posti Oy, Paket och transportenheter	PO2102	Posti - Expresspaket	AX, FI	AX, FI
POSTI	Posti Oy, Paket och transportenheter	PO2115	Posti - Food Delivery Locker	AX, FI	AX, FI
POSTI	Posti Oy, Paket och transportenheter	PO2104	Posti - Hempaket	AX, FI	AX, FI
POSTI	Posti Oy, Paket och transportenheter	PO2114	Posti - Mattransport	AX, FI	AX, FI
POSTI	Posti Oy, Paket och transportenheter	PO2431	Posti - Måltidstransport	AX, FI	AX, FI
POSTI	Posti Oy, Paket och transportenheter	PO2411	Posti - Måltidstransport hem	AX, FI	AX, FI
POSTI	Posti Oy, Paket och transportenheter	PO2711	Posti - Parcel Connect	BG, DK, EE, ES, FI, HU, LT, LV, PT, SI	AT, BE, BG, CZ, DE, DK, EE, ES, FI, HU, LT, LU, LV, NL, PL, PT, SE, SI, SK
POSTI	Posti Oy, Paket och transportenheter	PO2751	Posti - Parcel Connect Self Service	BG, DK, EE, ES, FI, HU, LT, LV, PT, SI	AT, BE, BG, CZ, DE, DK, EE, ES, FI, HU, LT, LU, LV, NL, PL, PT, SE, SI, SK
POSTI	Posti Oy, Paket och transportenheter	PO2718	Posti - Parcel Return Connect	BG, DK, EE, ES, FI, HU, LT, LV, PT, SI	AT, BE, BG, CZ, DE, DK, EE, ES, FI, HU, LT, LU, LV, NL, PL, PT, SE, SI, SK
POSTI	Posti Oy, Paket och transportenheter	PO2103	Posti - Postpaket	AX, FI	AX, FI
POSTI	Posti Oy, Paket och transportenheter	ITPR	Posti - Priority Parcel	FI	 !FI, *
POSTI	Posti Oy, Paket och transportenheter	PO5007	Posti - Priority-brev med postförskott	AX, FI	AX, FI
POSTI	Posti Oy, Paket och transportenheter	PO5041	Posti - Prov försändelse	FI	FI
POSTI	Posti Oy, Paket och transportenheter	PO2401	Posti - Regional avtalstransport	AX, FI	AX, FI
POSTI	Posti Oy, Paket och transportenheter	PO5003	Posti - Rekommenderat brev	AX, FI	*
POSTI	Posti Oy, Paket och transportenheter	PO2108	Posti - Retur	AX, FI	AX, FI
POSTI	Posti Oy, Paket och transportenheter	PO2027SS	Posti - Self-service Priority paket	FI	 !FI, *
POSTI	Posti Oy, Paket och transportenheter	PO5003SS	Posti - Self-service Rekommenderat brev	AX, FI	*
POSTI	Posti Oy, Paket och transportenheter	PO2185SS	Posti - Självbestämningpaket S-XL	AX, FI	AX, FI
POSTI	Posti Oy, Paket och transportenheter	PO2190SS	Posti - Självbestämningpaket XXL	AX, FI	AX, FI
POSTI	Posti Oy, Paket och transportenheter	PO2191SS	Posti - Självbestämningpaket XXL Plus	AX, FI	AX, FI
POSTI	Posti Oy, Paket och transportenheter	PO2189SS	Posti - Självbestämningpaket XXS	AX, FI	AX, FI
POSTI	Posti Oy, Paket och transportenheter	PO2106	Posti - SmartPOST Viro	EE, FI	EE, FI
POSTI	Posti Oy, Paket och transportenheter	PO2461	Posti - Småpaket	AX, FI	AX, FI
PPDK	Privpak Danmark	PPDKRET	Privpak Danmark (retur)	DK, SE	DK
PPDK	Privpak Danmark	PPDKSTD	Privpak Danmark (tur)	DK, SE	DK
PPFI	Privpak Finland	PPFITRRET	Privpak Finland (tur & retur)	FI, SE	FI
PPFI	Privpak Finland	PPFITR	Privpak Finland (tur)	FI, SE	FI
ROYALMAIL	Royal Mail	ROYALMAIL24T	Royal Mail Tracked 24	GB	GB
ROYALMAIL	Royal Mail	ROYALMAIL48TR	Royal Mail Tracked Returns 48	GB	GB
RP	R & P Kuljetus Oy	RPPP	R & P Kuljetus Pakettipalvelu	FI	AT, AX, BE, BG, CY, CZ, DE, DK, EE, ES, FI, FR, GB, GR, HR, HU, IE, IT, LT, LU, LV, MC, MT, NL, PL, PT, RO, SE, SI, SK
SBTL	DB Schenker	BCFPL	DB Schenker Home Delivery Poland Small	PL	PL
SBTL	DB Schenker	BCSI	DB SCHENKERcoldsped - Europa	SE	*
SBTL	DB Schenker	BCS	DB SCHENKERcoldsped - Sverige	SE	SE
SBTL	DB Schenker	BDI	DB SCHENKERdirect	SE	AD, AL, AT, AX, BA, BE, BG, BY, CH, CS, CZ, DE, DK, EE, ES, FI, FR, GB, GG, GR, HR, HU, IE, IM, IT, JE, LI, LT, LU, LV, MA, MC, MD, ME, MK, NL, NO, PL, PT, RO, RS, RU, SE, SI, SK, SM, TN, TR, UA
SBTL	DB Schenker	BFL	DB SCHENKERflow	SE	AT, BE, BG, CH, CZ, DE, DK, EE, ES, FI, FR, GB, GG, GR, HU, IE, IM, IT, JE, LT, LV, NL, NO, PL, PT, RO, SI, SK
SBTL	DB Schenker	BPALL	DB SCHENKERpallet	SE	SE
SBTL	DB Schenker	BPA	DB SCHENKERparcel	SE	AD, AE, AG, AI, AL, AM, AN, AO, AR, AS, AT, AU, AW, AX, AZ, BA, BB, BD, BE, BF, BG, BH, BI, BJ, BM, BN, BO, BR, BS, BT, BW, BY, BZ, CA, CD, CF, CG, CH, CI, CK, CL, CM, CN, CO, CR, CS, CV, CY, CZ, DE, DJ, DK, DM, DO, DZ, EC, EE, EG, ER, ES, ET, FI, FJ, FM, FO, FR, GA, GB, GD, GE, GF, GG, GH, GI, GL, GM, GN, GP, GQ, GR, GT, GU, GY, HK, HN, HR, HT, HU, ID, IE, IL, IM, IN, IQ, IS, IT, JE, JM, JO, JP, KE, KG, KH, KI, KM, KN, KR, KW, KY, KZ, LA, LB, LC, LI, LK, LR, LS, LT, LU, LV, LY, MA, MC, MD, ME, MG, MH, MK, ML, MN, MO, MP, MQ, MR, MS, MT, MU, MV, MW, MX, MY, MZ, NA, NC, NE, NG, NI, NL, NO, NP, NZ, OM, PA, PE, PF, PG, PH, PK, PL, PR, PS, PT, PW, PY, QA, RE, RO, RS, RU, RW, SA, SB, SC, SE, SG, SI, SK, SL, SM, SN, SR, SV, SY, SZ, TC, TD, TG, TH, TJ, TL, TN, TO, TR, TT, TV, TW, TZ, UA, UG, US, UY, UZ, VA, VC, VE, VG, VI, VN, VU, WF, WS, YE, YT, ZA, ZM, ZW
SBTL	DB Schenker	BPHDAP	DB SCHENKERparcel Hem dag med kvittens (Paket)	SE	SE
SBTL	DB Schenker	BPHDP	DB SCHENKERparcel Hem dag utan kvittens	SE	SE
SBTL	DB Schenker	BPHKAP	DB SCHENKERparcel Hem kväll med kvittens	SE	SE
SBTL	DB Schenker	BLP	DB SCHENKERparcel Logistikpaket	SE	SE
SBTL	DB Schenker	BHP	DB SCHENKERparcel Ombud (1 kolli, <20 kg)	SE	SE
SBTL	DB Schenker	BPAR	DB SCHENKERparcel Ombud Retur	SE	SE
SBTL	DB Schenker	BCF	DB SCHENKERsystem	SE	AD, AL, AT, AX, BA, BE, BG, BY, CH, CS, CZ, DE, DK, EE, ES, FI, FR, GB, GG, GR, HR, HU, IE, IM, IT, JE, LI, LT, LU, LV, MA, MC, MD, ME, MK, NL, NO, PL, PT, RO, RS, RU, SE, SI, SK, SM, TN, TR, UA
SBTL	DB Schenker	BCFPREMIUM	DB SCHENKERsystem Premium	SE	AD, AL, AT, AX, BA, BE, BG, BY, CH, CS, CZ, DE, DK, EE, ES, FI, FR, GB, GG, GR, HR, HU, IE, IM, IT, JE, LI, LT, LU, LV, MA, MC, MD, ME, MK, NL, NO, PL, PT, RO, RS, RU, SI, SK, SM, TN, TR, UA
SBTL	DB Schenker	BPOSG	DB SCHENKERsystem Terminalombud	SE	SE
SBTLAO	DB SCHENKER Air & Ocean	SBTLOCEAN	DB SCHENKER Air & Ocean - Enkel Sjöfrakt 	SE	AE, AR, AU, BD, BH, BN, BR, CA, CL, CM, CN, CO, CR, CU, CY, DJ, DO, DZ, EC, EG, ES, ET, GF, GH, GP, GT, GU, HK, HN, HT, ID, IL, IN, IQ, IS, JO, JP, KE, KH, KR, KW, LB, LK, MA, MM, MO, MQ, MT, MU, MV, MX, MY, NA, NG, NI, NZ, OM, PA, PE, PH, PK, PR, PY, QA, RE, RU, SA, SG, SN, SV, SY, TH, TN, TR, TW, TZ, UG, US, UY, VE, VN, ZA, ZW
SBTLDK	DB Schenker Danmark 	SBTLDKDIR	DB SCHENKERdirect Danmark	DK	*
SBTLDK	DB Schenker Danmark 	SBTLDKFLW	DB SCHENKERflow Danmark	DK	*
SBTLDK	DB Schenker Danmark 	SBTLDKPAR	DB SCHENKERparcel Danmark	DK	*
SBTLDK	DB Schenker Danmark 	SBTLDKSYS	DB SCHENKERsystem Danmark	DK	*
SBTLDK	DB Schenker Danmark 	SBTLDKSYSPREMIUM	DB SCHENKERsystem premium Danmark	DK	*
SBTLFI	DB SCHENKER export	SBTLFISY	DB SCHENKER export	FI	AT, BE, BG, CH, CY, CZ, DE, DK, EE, ES, FR, GB, GR, HR, HU, IE, IT, LT, LU, LV, MC, MT, NL, NO, PL, PT, RO, SE, SI, SK
SBTLFI	DB SCHENKER export	DBSSP	DB SCHENKERsystem premium	FI	AT, BE, BG, CH, CY, CZ, DE, DK, EE, ES, FR, GB, GR, HR, HU, IE, IT, LT, LU, LV, MC, MT, NL, NO, PL, PT, RO, SE, SI, SK
SBTLFIEXP	DB SCHENKER Parcel – inrikes pakettjänster	SBTLFIEXP	DB SCHENKERparcel (Finland)	FI	FI
SBTLFIRREX	DB SCHENKER Parcel – Collection Point	SBTLFIRREX	DB SCHENKER Collection Point	FI	FI
SBTLNO	DB Schenker Norge	SBTLNODD	DB SCHENKER Norge Direkte Distribusjon	NO	NO
SBTLNO	DB Schenker Norge	SBTLNOPG	DB SCHENKER Norge Partigods	NO	NO
SBTLNO	DB Schenker Norge	SBTLNOPLUSRET	DB SCHENKER Norge Plusshenting	NO	NO
SBTLNO	DB Schenker Norge	SBTLNOPLWORK	DB SCHENKER Norge Privatlevering – på jobb	NO	NO
SBTLNO	DB Schenker Norge	SBTLNOPLHOME	DB SCHENKER Norge Privatlevering– hjem på dør	NO	NO
SBTLNO	DB Schenker Norge	SBTLNOSP	DB SCHENKER Norge Spesial	NO	NO
SBTLNO	DB Schenker Norge	SBTLNOSG	DB SCHENKER Norge Stykkgods	NO	NO
SBTLNOINT	DB Schenker Norge (utrikes)	SBTLNODIR	DB SCHENKER Norge Direct	NO	*
SBTLNOINT	DB Schenker Norge (utrikes)	SBTLNOFLOW	DB SCHENKER Norge Flow	NO	*
SBTLNOINT	DB Schenker Norge (utrikes)	SBTLNOSYS	DB SCHENKER Norge System	NO	*
SF	Småfrakt	SFDIR	Småfrakt Direkt	SE	SE
SF	Småfrakt	SFECO	Småfrakt Ekonomi	SE	SE
SF	Småfrakt	SF4H	Småfrakt Fyratimmars	SE	SE
SLBS	Skellefteå Lastbilsstation	SLBSLS	Lastbilsstation	SE	SE
SWIPBOX	Swipbox	SWIPBOXSTD	Swipbox Paket	DK, SE	DK
TIMECAP	Timecap Oy	TIMECAPSTD	Timecap Oy	FI	FI
TKLOG	TK Logistik	TKLOGGODS	TK Logistik Gods	SE	*
TNT	TNT	TNT08DOMD	TNT 08:00 Express (Domestic Docs)	DE	DE
TNT	TNT	TNT08DOMN	TNT 08:00 Express (Domestic Non Docs)	DE	DE
TNT	TNT	TNT09D	TNT 09:00 Express (Docs)	AX, DE, DK, EE, FI, LT, NO, SE	*
TNT	TNT	TNT09DOMD	TNT 09:00 Express (Domestic Docs)	DE, DK, SE	DE, DK, SE
TNT	TNT	TNT09DOMN	TNT 09:00 Express (Domestic Non Docs)	DE, DK, SE	DE, DK, SE
TNT	TNT	TNT09	TNT 09:00 Express (Domestic)	DK, SE	DK, SE
TNT	TNT	TNT09N	TNT 09:00 Express (Non Docs)	AX, DE, DK, EE, FI, LT, NO, SE	*
TNT	TNT	TNT10D	TNT 10:00 Express (Docs)	AX, DE, DK, EE, FI, LT, NO, SE	*
TNT	TNT	TNT10DOMD	TNT 10:00 Express (Domestic Docs)	DE, DK, SE	DE, DK, SE
TNT	TNT	TNT10DOMN	TNT 10:00 Express (Domestic Non Docs)	DE, DK, SE	DE, DK, SE
TNT	TNT	TNT10	TNT 10:00 Express (Domestic)	DK, SE	DK, SE
TNT	TNT	TNT10N	TNT 10:00 Express (Non Docs)	AX, DE, DK, EE, FI, LT, NO, SE	*
TNT	TNT	TNT412	TNT 12:00 Economy Express (Non Docs)	AX, DE, DK, EE, FI, LT, LV, NO, SE	*
TNT	TNT	TNT12D	TNT 12:00 Express (Docs)	AX, DE, DK, EE, FI, LT, NO, SE	*
TNT	TNT	TNT12DOMD	TNT 12:00 Express (Domestic Docs)	AX, DE, DK, FI, SE	AX, DE, DK, FI, SE
TNT	TNT	TNT12DOMN	TNT 12:00 Express (Domestic Non Docs)	AX, DE, DK, FI, SE	AX, DE, DK, FI, SE
TNT	TNT	TNT12	TNT 12:00 Express (Domestic)	AX, DK, FI, SE	AX, DK, FI, SE
TNT	TNT	TNT12N	TNT 12:00 Express (Non Docs)	AX, DE, DK, EE, FI, LT, NO, SE	*
TNT	TNT	TNT1P	TNT Direct Vehicle (Domestic Non Docs)	AX, DK, FI, NO, SE	AX, DK, FI, NO, SE
TNT	TNT	TNT48N	TNT Economy Express (Non Docs)	AX, DE, DK, EE, FI, LT, LV, NO, PL, SE	*
TNT	TNT	TNT15D	TNT Express (Docs)	AX, DE, DK, EE, FI, LT, NO, PL, SE	, *
TNT	TNT	TNT15DOMD	TNT Express (Domestic Docs)	AX, DE, DK, EE, FI, NO, PL, SE	AX, DE, DK, EE, FI, NO, PL, SE
TNT	TNT	TNT15DOMN	TNT Express (Domestic Non Docs)	AX, DE, DK, EE, FI, NO, PL, SE	AX, DE, DK, EE, FI, NO, PL, SE
TNT	TNT	TNT15	TNT Express (Domestic)	AX, DK, FI, NO, PL, SE	AX, DK, FI, NO, PL, SE
TNT	TNT	TNT15N	TNT Express (Non Docs)	AX, DE, DK, EE, FI, LT, NO, PL, SE	*
TNT	TNT	TNTDNE	TNT Innight Domestic	DK, NO, SE	DK, NO, SE
TNT	TNT	TNTDNI	TNT Innight IntraNordic	AX, DK, FI, NO, SE	*
TNT	TNT	TNT731	TNT Road Freight - LTL	AX, DK, FI, NO, SE	*
TNT	TNT	TNTSSD	TNT SDS (Docs)	DK, NO, SE	AX, DK, FI, NO, SE
TNT	TNT	TNTSS	TNT SDS (Domestic)	DK, NO, SE	DK, NO, SE
TNT	TNT	TNTSSN	TNT SDS (Non Docs)	DK, NO, SE	AX, DK, FI, NO, SE
TNT	TNT	TNT728	TNT Special Economy Express	AX, DK, FI, NO, SE	*
TP	Posti Oy, Styckegods (fd. VR Transpoint)	TPSTD	Posti - Logistics Oy, Styckegods	FI	FI
TRANSFARGO	Transfargo	TRANSFARGODOM	Transfargo inrikes	SE	SE
TRANSFARGO	Transfargo	TRANSFARGOINT	Transfargo utrikes	SE	*
TRANSMAR	Transmar	TRANSMARSTD	Transmar	AX, FI, SE	AX, FI, SE
TRANSPORTOREN	Transportören	TRANSPORTORENSTD	Transportören Inrikes	DK, FI, NO, SE	DK, FI, NO, SE
TYVIK	Tyvi Oy Kuljetusliike	KTYVI	Kuljetusliike Tyvi Oy	FI	FI
UPK	Uudenmaan Pikakuljetus Oy	UPKE	Uudenmaan Pikakuljetus Oy Erikoisaikataulu	FI	FI
UPK	Uudenmaan Pikakuljetus Oy	UPKK	Uudenmaan Pikakuljetus Oy Kotijakelu	FI	FI
UPK	Uudenmaan Pikakuljetus Oy	UPK24	Uudenmaan Pikakuljetus Oy Normal 24h	FI	FI
UPK	Uudenmaan Pikakuljetus Oy	UPK24A	Uudenmaan Pikakuljetus Oy Normal 24h AVI	FI	FI
UPS	UPS	UPSEXPDTD	UPS Expedited (Docs)	DE, DK, FI, GB, NL, NO, PL, SE	*
UPS	UPS	UPSEXPDTG	UPS Expedited (GNIFC)	DE, DK, FI, GB, NL, NO, PL, SE	*
UPS	UPS	UPSEXPDTP	UPS Expedited (Non Docs)	DE, DK, FI, GB, NL, NO, PL, SE	*
UPS	UPS	UPSEXPD	UPS Express (Docs)	DE, DK, FI, GB, NL, NO, PL, SE	*
UPS	UPS	UPSEXPG	UPS Express (GNIFC)	DE, DK, FI, GB, NL, NO, PL, SE	*
UPS	UPS	UPSEXPP	UPS Express (Non Docs)	DE, DK, FI, GB, NL, NO, PL, SE	*
UPS	UPS	UPSEXPPLUSD	UPS Express Plus (Docs)	DE, DK, FI, GB, NL, NO, PL, SE	*
UPS	UPS	UPSEXPPLUSG	UPS Express Plus (GNIFC)	DE, DK, FI, GB, NL, NO, PL, SE	*
UPS	UPS	UPSEXPPLUSP	UPS Express Plus (Non Docs)	DE, DK, FI, GB, NL, NO, PL, SE	*
UPS	UPS	UPSSAVD	UPS Express Saver (Docs)	DE, DK, FI, GB, NL, NO, PL, SE	*
UPS	UPS	UPSSAVG	UPS Express Saver (GNIFC)	DE, DK, FI, GB, NL, NO, PL, SE	*
UPS	UPS	UPSSAVP	UPS Express Saver (Non Docs)	DE, DK, FI, GB, NL, NO, PL, SE	*
UPS	UPS	UPSSTDD	UPS Standard (Docs)	DE, DK, FI, GB, NL, NO, PL, SE	*
UPS	UPS	UPSSTDP	UPS Standard (Non Docs)	DE, DK, FI, GB, NL, NO, PL, SE	*
VAROVA	Varova Oy	VAROVASG	Varova Road	FI	*
VPP	Vognmand Poul Pedersen A/S	VPPSTD	Vognmand Poul Pedersen A/S	DK	DK
XPRESSEN	XPRESSEN	XPRSF	Xpressen Fødevare	DK	DK
XPRESSEN	XPRESSEN	XPRSPKT	Xpressen Pakke	DK	DK
XPRESSEN	XPRESSEN	XPRSPLT	Xpressen Palle	DK	DK
